Company,Symbol,Percent_Float,DaystoCover
3D Systems Corp,DDD,20.7,24
3M Company,MMM,1.5,4
500.com Limited,WBAI,8.1,33
58.COM INC,WUBA,1.6,3
8x8| Inc. Common Stock,EGHT,5.7,3
A.H. Belo Corporation,AHC,0.1,1
A.O. Smith Corporation,AOS,3.9,4
A10 NETWORKS INC,ATEN,1.9,2
AAC Holdings| Inc.,AAC,18.9,10
AAR Corp.,AIR,3.7,5
Aaron's| Inc.,AAN,5.8,5
Abbott Laboratories,ABT,0.9,3
ABBVIE INC.,ABBV,1.5,4
Abercrombie  &  Fitch Co.,ANF,23.1,11
Aberdeen Global Dynamic Divide,AGD,0.3,1
Aberdeen Global Premier Proper,AWP,0.1,0
Aberdeen Income Credit Strateg,ACP,0.2,0
ABERDEEN JAPAN EQUITY FUND,JEQ,0.1,0
Aberdeen Total Dynamic Dividen,AOD,0.1,1
ABM Industries| Inc.,ABM,9.0,17
Acadia Realty Trust,AKR,4.7,8
Accenture PLC,ACN,0.8,3
Acco Brands Corporation,ACCO,2.2,3
Actuant Corporation,ATU,5.0,12
Acuity Brands| Inc.,AYI,4.4,4
Acushnet Holdings Corp.,GOLF,12.1,36
Adams Diversified Equity Fund|,ADX,0.7,4
Adams Natural Resources Fund|,PEO,1.3,4
ADECOAGRO S.A.,AGRO,0.7,4
Adient plc Ordinary Shares,ADNT,9.9,4
ADT Inc.,ADT,20.3,17
Adtalem Global Education Inc.,ATGE,7.5,12
ADVANCE AUTO PARTS INC,AAP,3.3,2
Advanced Disposal Services| In,ADSW,1.3,3
ADVANCED DRAINAGE SYSTEMS| INC,WMS,2.4,2
AdvanSix Inc.,ASIX,1.0,2
Advent Claymore Convertible Se,AVK,0.1,0
Aecom,ACM,4.3,6
Aercap Holdings N.V.,AER,4.1,6
AEROHIVE NETWORKS| INC.,HIVE,1.3,2
Aerojet Rocketdyne Holdings| I,AJRD,14.1,13
AES Corporation,AES,1.6,2
Affiliated Managers Group,AMG,1.8,2
Aflac Inc.,AFL,1.5,3
AG MORTGAGE INVESTMENT TRUST|,MITT,0.6,0
AGCO Corporation,AGCO,4.9,4
Agilent Technologies Inc.,A,1.3,2
Agree Realty Corporation,ADC,13.6,16
Air Lease Corporation,AL,4.0,7
Air Products  &  Chemicals| Inc.,APD,1.2,2
Aircastle Limited,AYR,3.3,5
AK Steel Holding Corp.,AKS,18.2,5
Alamo Group| Inc.,ALG,1.2,3
Alaska Air Group| Inc.,ALK,5.3,7
Albany International Corp Clas,AIN,0.9,2
Albemarle Corporation,ALB,10.6,10
Alcoa Corporation,AA,2.7,1
Alexander  &  Baldwin| Inc.,ALEX,2.5,8
Alexander's Inc.,ALX,1.5,2
Alexandria Real Estate Equitie,ARE,1.5,2
Alibaba Group Holding Limited,BABA,4.4,12
Alleghany Corporation,Y,0.9,3
Allegheny Technologies,ATI,12.5,14
Allegion Public Limited Compan,ALLE,5.1,6
Allergan plc,AGN,1.1,1
ALLETE| Inc.,ALE,1.2,2
Alliance California Municipal,AKP,0.1,0
Alliance Data Systems Corporat,ADS,4.0,2
AllianceBernstein Holding| L.P,AB,1.1,2
ALLIANCEBERSTEIN GLOBAL HIGH I,AWF,0.1,0
AllianzGI Convertible  &  Income,NCV,1.5,4
AllianzGI Convertible  &  Income,NCZ,1.1,3
AllianzGI Diversified Income  &,ACV,0.1,0
AllianzGI Equity  &  Convertible,NIE,0.2,1
ALLISON TRANSMISSION HOLDINGS|,ALSN,3.7,5
Ally Financial Inc.,ALLY,2.7,3
Alteryx| Inc.,AYX,15.6,6
Altice USA| Inc. Class A Commo,ATUS,6.4,4
Altria Group| Inc.,MO,0.8,1
AMBER ROAD INC,AMBR,0.8,3
AMC ENTERTAINMENT HOLDINGS| IN,AMC,19.6,8
Ameren Corporation,AEE,1.5,2
Ameresco| Inc.,AMRC,1.9,5
AMERICAN ASSETS TRUST| INC.,AAT,2.1,5
American Axle  &  Manufacturing,AXL,9.4,4
American Campus Communities| I,ACC,1.6,2
American Eagle Outfitters,AEO,8.5,5
American Electric Power Compan,AEP,1.9,4
American Equity Investment Lif,AEL,1.9,4
American Express Company,AXP,0.9,3
American Financial Group| Inc.,AFG,1.6,3
AMERICAN HOMES 4 RENT,AMH,1.7,2
American International Group|,AIG,2.6,3
American Midstream Partners| L,AMID,1.9,3
American Realty Investors| Inc,ARL,3.6,72
American Renal Associates Hold,ARA,7.4,34
American States Water Company,AWR,5.6,14
American Tower Corporation,AMT,1.2,3
American Vanguard Corporation,AVD,3.1,14
American Water Works Company|,AWK,2.7,6
Americold Realty Trust,COLD,7.7,10
AmeriGas Partners| L.P.,APU,1.4,2
Ameriprise Financial| Inc.,AMP,1.5,2
AmerisourceBergen Corp.,ABC,3.9,4
Ametek| Inc.,AME,2.2,3
AMIRA NATURE FOODS LTD,ANFI,9.0,4
AMN Healthcare Services,AMN,6.7,4
Amneal Pharmaceuticals| Inc. C,AMRX,8.0,15
Ampco-Pittsburgh Corp.,AP,4.1,7
Amphenol Corporation,APH,1.1,3
AMREP Corporation,AXR,0.5,2
Anadarko Petroleum Corp.,APC,2.6,2
Anaplan| Inc.,PLAN,4.1,8
Andeavor Logistics LP,ANDX,4.0,6
AngloGold Ashanti Limited,AU,3.4,6
Anheuser-Busch INBEV SA/NV,BUD,0.4,6
Anixter International Inc,AXE,1.1,1
Annaly Capital Management. Inc,NLY,4.0,4
Antero Midstream GP LP Common,AMGP,18.3,11
ANTERO MIDSTREAM PARTNERS LP,AM,6.7,6
ANTERO RESOURCES CORPORATION,AR,16.0,6
ANTHEM| INC.,ANTM,1.4,3
Anworth Mortgage Asset Corpora,ANH,2.3,7
Aon plc Class A,AON,0.9,2
Apache Corporation,APA,6.9,6
Apartment Investment and Manag,AIV,1.8,2
Apergy Corporation Common Stoc,APY,3.4,7
APOLLO COMMERCIAL REAL ESTATE,ARI,8.3,10
Apollo Global Management| LLC,APO,3.1,7
Apollo Senior Floating Rate Fu,AFT,0.1,0
Apollo Tactical Income Fund In,AIF,0.2,0
Apple Hospitality REIT| Inc.,APLE,2.8,5
Applied Industrial Technologie,AIT,1.2,2
AptarGroup| Inc.,ATR,1.8,5
Aptiv PLC,APTV,2.9,3
Aqua America| Inc.,WTR,4.6,14
Aquantia Corp. Common Stock,AQ,5.8,2
AquaVenture Holdings Limited,WAAS,9.8,27
ARAMARK,ARMK,4.9,3
Arbor Realty Trust| Inc.,ABR,10.6,9
ARC Document Solutions| Inc.,ARC,0.4,1
Arch Coal| Inc.,ARCH,11.5,6
Archer Daniels Midland Company,ADM,1.8,2
Archrock Inc,AROC,1.5,3
Arconic Inc,ARNC,2.9,2
ARCOS DORADOS HOLDINGS INC.,ARCO,0.9,2
Arcosa| Inc. Common Stock,ACA,2.1,5
Arcus Biosciences| Inc.,RCUS,5.0,22
Ardagh Group S.A. Class A Comm,ARD,1.9,3
ARDMORE SHIPPING CORPORATION,ASC,3.9,9
Ares Commercial Real Estate Co,ACRE,0.6,1
ARES DYNAMIC CREDIT ALLOCATION,ARDC,0.2,0
Ares Management Corporation Cl,ARES,6.7,7
Argan| Inc,AGX,4.2,4
Argo Group International Holdi,ARGO,0.8,2
Arista Networks,ANET,3.6,2
Arlington Asset Investment Cor,AI,9.3,8
Arlo Technologies| Inc.,ARLO,9.1,1
Armada Hoffler Properties| Inc,AHH,0.9,2
ARMOUR Residential REIT| Inc.,ARR,6.2,5
Armstrong Flooring| Inc.,AFI,3.0,9
Armstrong World Industries| In,AWI,2.0,3
Arrow Electronics| Inc.,ARW,2.5,3
Arthur J. Gallagher  &  Co.,AJG,1.3,2
ARTISAN PARTNERS ASSET MANAGEM,APAM,2.4,2
ASA GOLD AND PRECIOUS METALS L,ASA,0.2,0
Asbury Automotive Group| Inc.,ABG,9.6,9
ASGN Incorporated,ASGN,1.7,2
Ashford Hospitality Trust| Inc,AHT,1.8,5
Ashland Global Holdings Inc.,ASH,4.1,3
Aspen Insurance Holding Limite,AHL,2.2,0
Associated Banc-Corp,ASB,1.8,2
Associated Capital Group| Inc.,AC,6.3,31
Assurant| Inc.,AIZ,2.6,3
Assured Guaranty| LTD,AGO,6.4,10
AstraZeneca PLC,AZN,0.4,2
At Home Group Inc.,HOME,17.0,11
AT & T Inc.,T,1.1,3
Atento S.A.,ATTO,0.4,1
Athene Holding Ltd. Class A Co,ATH,2.4,3
Atkore International Group Inc,ATKR,2.1,2
Atlantic Power Corporation,AT,0.6,3
Atmos Energy Corporation,ATO,2.9,1
AUTOHOME INC.,ATHM,6.0,11
Autoliv| Inc.,ALV,4.3,7
AutoNation| Inc.,AN,5.4,5
AutoZone| Inc.,AZO,3.3,3
Avalara| Inc.,AVLR,7.8,2
AvalonBay Communities| Inc.,AVB,1.5,3
Avangrid| Inc.,AGR,5.8,11
Avanos Medical| Inc.,AVNS,4.9,10
Avery Dennison Corp.,AVY,1.4,2
Avista Corporation,AVA,4.1,3
Avon Products| Inc.,AVP,2.2,1
AVX Corporation,AVX,2.2,4
AXA Equitable Holdings| Inc.,EQH,7.4,8
Axalta Coating Systems Ltd.,AXTA,2.2,3
Axis Capital Holders Limited,AXS,1.4,2
Axos Financial| Inc. Common St,AX,13.8,19
Azure Power Global Limited,AZRE,0.1,1
AZZ Inc.,AZZ,0.7,2
B & G Foods| Inc.,BGS,36.7,48
Babcock  &  Wilcox Enterprises|,BW,5.5,9
Badger Meter| Inc.,BMI,4.3,10
Bain Capital Specialty Finance,BCSF,0.1,0
Baker Hughes| a GE company Cla,BHGE,3.5,4
Ball Corporation,BLL,4.6,5
Banc of California| Inc.,BANC,9.1,15
Banco Latinoamericano de Comer,BLX,2.6,11
BancorpSouth| Inc.,BXS,5.3,8
Bank of America Corporation,BAC,1.1,2
Bank of Hawaii Corp.,BOH,7.3,12
Bank of New York Mellon Corpor,BK,1.9,5
Bankunited| Inc.,BKU,2.4,3
Barclays PLC,BCS,0.1,2
Barings BDC| Inc.,BBDC,0.8,3
Barings Corporate Investors,MCI,0.2,1
Barings Global Short Duration,BGH,0.1,0
Barings Participation Investor,MPV,0.1,0
Barnes  &  Noble Education| Inc,BNED,5.0,5
Barnes  &  Noble| Inc.,BKS,23.1,11
Barnes Group Inc.,B,1.1,3
Basis Energy Services| Inc.,BAS,6.3,9
BauschHealthCompaniesInc.,BHC,2.7,3
Baxter International Inc.,BAX,0.9,2
BB & T Corporation,BBT,1.8,2
BBX Capital Corporation Class,BBX,1.9,5
Beazer Homes USA| Inc. New,BZH,8.2,4
Becton| Dickinson and Co.,BDX,1.4,3
Belden Inc.,BDC,13.4,13
Belmond Ltd.,BEL,8.6,7
Bemis Company| Inc.,BMS,4.3,7
Benchmark Electronics,BHE,3.6,4
BERKSHIRE HATHAWAY Class B,BRKB,0.7,2
Berkshire Hathaway Inc.,BRKA,0.1,1
Berkshire Hills Bancorp| Inc.,BHLB,8.6,14
Berry Global Group| Inc.,BERY,1.5,1
Best Buy Company| Inc.,BBY,6.0,6
BHP Group Plc American Deposit,BBL,0.2,1
Big Lots| Inc.,BIG,20.7,9
Biglari Holdings Inc. Class B,BH,0.9,4
Biohaven Pharmaceutical Holdin,BHVN,10.6,7
Bio-Rad Laboratories| Inc.Clas,BIO,3.6,3
Bitauto Holdings Limited,BITA,10.2,11
BJs Wholesale Club Holdings| I,BJ,13.0,9
Black Hills Corporation,BKH,2.8,4
Black Knight| Inc.  Common Sto,BKI,1.5,2
Black Stone Minerals| L.P.,BSM,0.4,3
BLACKROCK CA MUNICIPAL INC TR,BFZ,0.1,0
BLACKROCK CORPORATE HIGH YIELD,HYT,0.1,0
Blackrock Debt Strategies Fund,DSU,0.1,0
Blackrock Enhanced Captial and,CII,0.1,0
BlackRock Enhanced Equity Divi,BDJ,0.1,1
BlackRock Enhanced Global Divi,BOE,0.1,0
BlackRock Enhanced Internation,BGY,0.1,1
Blackrock Floating Rate Income,FRA,0.1,0
Blackrock Health Sciences Trus,BME,0.3,1
BlackRock Income Trust Inc.,BKT,0.1,0
Blackrock Long-Term Municipal,BTA,0.1,0
BlackRock Maryland Municipal B,BZM,0.1,1
BLACKROCK MULTI-SECTOR INCOME,BIT,0.2,1
Blackrock Muni Assets Fund| In,MUA,0.1,1
Blackrock Muni Yield Investmen,MYF,0.1,0
Blackrock Muni Yield New Jerse,MYJ,0.1,0
BlackRock Municipal 2030 Targe,BTT,0.1,0
Blackrock Municipal Bond Trust,BBK,0.1,0
BLACKROCK MUNICIPAL INCOME INV,BAF,0.1,0
BlackRock Municipal Income Tru,BLE,0.2,0
BLACKROCK MUNIHOLDINGS NEW YOR,MHN,0.1,0
BLACKROCK MUNIHOLDINGS QUALITY,MUS,0.1,0
Blackrock Munivest Fund II,MVT,0.3,2
BlackRock MuniVest Fund| Inc,MVF,0.1,1
BlackRock MuniYield Arizona Fu,MZA,0.2,1
Blackrock Muniyield Fund| Inc.,MYD,0.2,1
BLACKROCK MUNIYIELD INVESTMENT,MFT,0.1,0
BLACKROCK MUNIYIELD MICHIGAN Q,MIY,0.1,0
BLACKROCK MUNIYIELD NEW JERSEY,MUI,0.1,0
BLACKROCK MUNIYIELD NEW YORK Q,MYN,0.1,0
BlackRock New York Municipal B,BQH,0.2,1
BlackRock New York Municipal I,BNY,0.1,0
BlackRock New York Municipal I,BFY,0.1,1
BLACKROCK NEW YORK MUNICIPAL I,BSE,0.1,1
BlackRock Taxable Municipal Bo,BBN,0.1,0
BlackRock Utilities| Infrastru,BUI,0.3,2
BlackRock Virginia Muni Bond T,BHV,0.2,1
Blackrock| Inc.,BLK,0.7,2
Blackstone / GSO Long-Short Cr,BGX,0.3,1
Blackstone / GSO Senior Floati,BSL,0.2,0
BLACKSTONE / GSO STRATEGIC CRE,BGB,0.1,0
Blackstone Mortgage Trust| Inc,BXMT,6.7,7
Bloom Energy Corporation,BE,32.5,3
Blue Apron Holdings| Inc. Clas,APRN,15.5,4
BLUE CAPITAL REINSURANCE HOLDI,BCRH,1.4,10
Bluegreen Vacations Corporatio,BXG,6.6,15
BlueLinx Holdings Inc.,BXC,18.2,19
Boeing Company,BA,0.8,1
Boise Cascade Company,BCC,2.8,4
BONANZA CREEK ENERGY| INC.,BCEI,13.2,13
Boot Barn Holdings| Inc.,BOOT,18.3,5
Booz Allen Hamilton Holding Co,BAH,1.5,2
BorgWarner Inc.,BWA,1.6,2
Boston Beer Company,SAM,20.4,14
Boston Properties| Inc.,BXP,1.5,3
Boston Scientific Corp.,BSX,0.6,1
BOX| INC.,BOX,5.4,3
Boyd Gaming Corporation,BYD,8.2,6
BP Midstream Partners LP Commo,BPMP,0.9,2
BP p.l.c.,BP,0.3,1
Brady Corporation,BRC,3.4,4
Braemar Hotels  &  Resorts Inc.,BHR,2.6,5
Brandywine Realty Trust,BDN,2.6,2
BRIDGEPOINT EDUCATION| INC,BPI,2.5,5
Briggs  &  Stratton Corp.,BGG,7.1,9
BRIGHT HORIZONS FAMILY SOLUTIO,BFAM,0.9,2
BrightSphere Investment Group,BSIG,1.1,1
BrightView Holdings| Inc. Comm,BV,1.8,2
Brinker International| Inc.,EAT,31.2,11
Bristol-Myers Squibb Co.,BMY,3.7,4
Bristow Group| Inc.,BRS,36.9,4
BRIXMOR PROPERTY GROUP INC.,BRX,4.0,1
Broadridge Financial Solutions,BR,1.4,1
Brookdale Senior Living| Inc.,BKD,5.8,5
BROOKFIELD GLOBAL LISTED INFRA,INF,0.1,0
Brookfield Infrastructure Part,BIP,0.9,7
Brookfield Real Assets Income,RA,0.1,0
Brown  &  Brown| Inc.,BRO,2.9,5
Brown-Forman Corporation Class,BFB,3.8,13
BRT Apartments Corp,BRT,0.8,6
Brunswick Corporation,BC,2.9,2
Buckeye Partners| L.P.,BPL,3.0,4
Build-A-Bear Workshop| Inc.,BBW,5.6,20
Bunge Limited,BG,2.0,3
BURLINGTON STORES| INC.,BURL,2.3,2
BWX Technologies| Inc.,BWXT,7.0,12
Byline Bancorp| Inc. Common St,BY,0.7,3
C & J Energy Services| Inc.,CJ,4.4,7
Cable One| Inc.,CABO,4.0,5
Cabot Corporation,CBT,2.0,2
Cabot Oil  &  Gas Corp.,COG,6.2,5
CACI INTERNATIONAL CLA,CACI,2.7,3
Cactus| Inc.,WHD,4.5,7
Cadence Bancorporation,CADE,2.1,2
CAI International| Inc.,CAI,5.2,5
Caleres Inc,CAL,6.3,9
California Resources Corporati,CRC,16.4,3
California Water Service,CWT,2.5,6
CALIX| INC.,CALX,1.5,1
Callaway Golf Company,ELY,9.3,5
Callon Petroleum Company,CPE,25.0,8
Cambrex Corporation,CBM,13.8,7
Camden Property Trust,CPT,1.2,2
Campbell Soup Company,CPB,14.1,11
Camping World Holdings| Inc.,CWH,29.8,13
Canada Goose Holdings Inc.,GOOS,13.7,2
Cannae Holdings| Inc. Common S,CNNE,1.3,4
Capital One Financial,COF,1.1,2
Capital Senior Living,CSU,5.8,9
Capstead Mortgage Corp.,CMO,4.5,3
Carbo Ceramics Inc.,CRR,35.1,27
Cardinal Health| Inc.,CAH,4.7,4
CARE.COM| INC.,CRCM,2.9,5
Carlisle Companies| Inc.,CSL,1.7,2
CarMax Inc.,KMX,8.7,8
Carpenter Technology Corp,CRS,3.4,5
Carriage Services| Inc.,CSV,4.0,7
Cars.com Inc. Common Stock,CARS,24.5,17
Carter's Inc.,CRI,9.5,7
Carvana Co.,CVNA,62.4,9
CASTLIGHT HEALTH| INC.,CSLT,3.2,8
CATALENT| INC.,CTLT,2.3,3
CATCHMARK TIMBER TRUST| INC.,CTT,3.7,6
Caterpillar Inc.,CAT,1.7,3
CATO CORP,CATO,8.0,8
CBIZ| Inc.,CBZ,0.7,1
CBL &  Associates Properties| In,CBL,28.0,19
CBRE GROUP| INC.,CBRE,1.5,3
CBS Corporation Class B,CBS,2.6,3
Cedar Fair| L.P.,FUN,1.3,3
Cedar Realty Trust| Inc,CDR,1.2,2
Celanese Corporation Common St,CE,1.9,2
Centene Corporation,CNC,1.5,2
Center Coast Brookfield MLP  &,CEN,0.7,0
CenterPoint Energy| Inc.,CNP,3.5,4
Central Pacific Financial Corp,CPF,4.6,7
CENTURY COMMUNITIES| INC.,CCS,10.3,5
CenturyLink| Inc.,CTL,9.7,4
Ceridian HCM Holding,CDAY,17.5,9
CF Industries Holding| Inc.,CF,3.4,2
CHANNELADVISOR CORPORATION,ECOM,0.7,2
Chaparral Energy| Inc.,CHAP,3.9,16
Charah Solutions| Inc Common S,CHRA,2.7,7
Charles River Laboratories Int,CRL,2.6,3
CHATHAM LODGING TRUST,CLDT,2.2,5
CHEGG| INC.,CHGG,13.6,6
Chemed Corporation,CHE,1.5,2
CHERRY HILL MORTGAGE INVESTMEN,CHMI,10.1,10
Chesapeake Energy Corp.,CHK,18.2,4
CHESAPEAKE GRANITE WASH TRUST,CHKR,0.1,0
Chesapeake Lodging Trust,CHSP,5.0,14
Chesapeake Utilities,CPK,1.0,3
Chevron Corporation,CVX,0.9,3
Chicos FAS| Inc.,CHS,18.1,15
Chimera Investment Corp.,CIM,5.1,6
CHINA FUND,CHN,1.9,3
CHINA GREEN AGRICULTURE INC,CGA,2.4,9
China Online Education Group A,COE,2.7,7
China Yuchai International Ltd,CYD,0.7,4
Chipotle Mexican Grill| Inc.,CMG,9.1,2
Choice Hotels Intnl.,CHH,11.8,12
Christopher  &  Banks Corporatio,CBK,8.0,25
Chubb Limited,CB,1.6,4
Church  &  Dwight Co.| Inc.,CHD,4.3,4
Ciena Corporation,CIEN,3.7,3
CIGNA Corporation,CI,1.4,2
CIMAREX ENERGY CO,XEC,4.3,4
Cincinnati Bell Inc.,CBB,7.3,8
Cinemark Holdings| Inc.,CNK,11.1,10
CINER RESOURCES LP,CINR,0.1,0
CIRCOR International| Inc,CIR,8.9,17
Cision Ltd. Ordinary Share,CISN,2.5,6
CIT Group Inc.,CIT,3.9,4
Citigroup Inc.,C,0.7,1
Citigroup Inc. Depositary Shar,C+S,0.1,0
Citizens Financial Group| Inc.,CFG,2.4,2
Citizens| Inc.,CIA,14.5,101
CITY OFFICE REIT| INC.,CIO,1.6,4
CIVEO CORPORATION,CVEO,1.7,5
Civitas Solutions| Inc.,CIVI,5.8,4
Clean Harbors| Inc,CLH,2.4,3
Clear Channel Outdoor Holdings,CCO,0.9,6
ClearBridge Energy Midstream O,EMO,0.1,0
ClearBridge MLP and Midstream,CTR,0.3,1
ClearBridge MLP and Midstream,CEM,0.1,0
Clearwater Paper Corporation,CLW,3.5,5
Clearway Energy| Inc. Class C,CWEN,3.6,1
Cleveland-Cliffs Inc.,CLF,19.5,4
Clipper Realty Inc. Common Sto,CLPR,1.0,10
Clorox Company,CLX,6.2,6
CLOUD PEAK ENERGY| INC.,CLD,22.7,2
Cloudera| Inc.,CLDR,4.2,4
CMS Energy Corporation,CMS,3.0,4
CNA Financial Corporation,CNA,0.2,1
CNH INDUSTRIAL N.V.,CNHI,0.9,5
CNO Financial Group| Inc.,CNO,2.0,3
CNX Midstream Partners LP,CNXM,2.4,2
CNX Resources Corporation,CNX,10.7,4
Coca-Cola Company,KO,0.7,2
Coca-Cola European Partners pl,CCEP,1.0,2
Coeur Mining| Inc.,CDE,5.7,5
Cohen  &  Steers  Infrastructure,UTF,0.1,0
Cohen  &  Steers Inc.,CNS,12.6,27
COHEN  &  STEERS LIMITED DURATIO,LDP,0.1,0
COHEN  &  STEERS MLP INCOME AND,MIE,0.2,0
COHEN  &  STEERS QUALITY INCOME,RQI,0.1,0
Cohen  &  Steers REIT and Prefer,RNP,0.1,0
COHEN  &  STEERS SELECT PREFERRE,PSF,0.3,2
Cohen and Steers Total Return,RFI,0.2,0
Colfax Corporation,CFX,12.0,6
Colgate-Palmolive Company,CL,1.3,3
Colony Capital| Inc.  Class A,CLNY,2.7,5
Colony Credit Real Estate| Inc,CLNC,3.5,5
COLUMBIA PROPERTY TRUST| INC.,CXP,0.7,1
Comerica Incorporated,CMA,1.9,1
Comfort Systems USA| Inc.,FIX,1.5,4
Commerce Bancorp| Inc.,CBH,0.1,0
Commercial Metals Company,CMC,4.3,3
Community Bank System,CBU,7.7,24
Community Health Systems| Inc.,CYH,22.0,17
Community Healthcare Trust Inc,CHCT,3.1,5
Compass Diversified Holdings S,CODI,1.0,3
Compass Minerals International,CMP,8.9,7
Comstock Resources| Inc.,CRK,1.8,8
Conagra Brands| Inc.,CAG,4.8,2
CONCHO RESOURCES INC.,CXO,3.9,5
Conduent Incorporated Common S,CNDT,3.4,5
ConocoPhillips,COP,0.9,2
CONSOL Coal Resources LP,CCR,0.1,0
CONSOL Energy Inc.,CEIX,2.9,3
Consolidated Edison| Inc.,ED,3.4,5
Constellation Brands| Inc.,STZ,2.8,2
CONSTELLATION BRANDS| INC. CLA,STZB,1.6,7
CONSTELLIUM N.V.,CSTM,1.8,2
CONTINENTAL BUILDING PRODUCTS|,CBPX,4.6,6
CONTINENTAL RESOURCES INC.,CLR,9.5,4
CONTROLADORA VUELA COMPAniA DE,VLRS,3.3,9
Contura Energy| Inc. Common St,CTRA,2.7,10
Cooper Tire  &  Rubber Co.,CTB,9.0,10
Cooper-Standard Automotive Inc,CPS,3.1,3
CooTek (Cayman) Inc.,CTK,0.5,5
Core Laboratories N.V.,CLB,9.5,7
CoreCivic| Inc.,CXW,0.9,2
Corelogic| Inc.,CLGX,1.4,2
CorEnergy Infrastructure Trust,CORR,6.9,10
CorePoint Lodging Inc. Common,CPLG,1.7,2
Coresite Realty Corporation,COR,3.7,4
Corning Incorporated,GLW,2.3,4
Corporacion America Airports S,CAAP,2.4,7
Corporate Office Properties Tr,OFC,3.0,4
Cosan Limited,CZZ,2.1,2
Costamare Inc.,CMRE,2.6,4
COTY INC,COTY,13.7,3
Cousins Properties Inc.,CUZ,1.9,2
Covanta Holding Corporation,CVA,3.2,4
Covia Holdings Corporation Com,CVIA,20.6,17
Crane Company,CR,1.8,3
Crawford  &  Company Class A,CRDA,0.9,6
Crawford  &  Company Class B,CRDB,0.6,5
Credicorp LTD,BAP,0.9,2
Crestwood Equity Partners LP,CEQP,5.7,17
CrossAmerica Partners LP Commo,CAPL,0.5,1
Crown Castle Intl. Corp.,CCI,1.6,4
Crown Holdings Inc.,CCK,8.4,4
CryoLife| Inc.,CRY,2.0,3
CSS Industries| Inc.,CSS,0.3,0
CTS Corporation,CTS,1.6,3
CubeSmart,CUBE,3.2,5
Cubic Corporation,CUB,4.7,4
Cullen/Frost Bankers Inc.,CFR,3.3,6
Culp| Inc.,CULP,0.6,2
Cummins Inc.,CMI,1.8,2
CURO Group Holdings Corp.,CURO,7.3,3
Curtiss-Wright Corp.,CW,2.1,4
Cushman  &  Wakefield plc Ordina,CWK,2.6,14
CUSTOMERS BANCORP INC,CUBI,2.2,5
CVR ENERGY| INC.,CVI,1.7,4
CVR PARTNERS LP,UAN,0.2,0
CVS HEALTH CORPORATION,CVS,1.2,2
CYPRESS ENERGY PARTNERS| L.P.,CELP,0.2,1
D.R. Horton Inc.,DHI,3.3,2
Dana Incorporated,DAN,2.1,2
Danaher Corporation,DHR,0.8,2
Danaos Corporation,DAC,0.1,1
Darden Restaurants| Inc.,DRI,5.3,6
DARLING INGREDIENTS INC.,DAR,1.9,3
DaVita Inc.,DVA,2.5,2
DCP Midstream| LP,DCP,4.6,6
Dean Foods Company,DF,20.1,16
Deckers Outdoor Corp,DECK,12.3,4
Deere  &  Company,DE,2.2,3
DELAWARE ENHANCED GLOBAL DIVID,DEX,0.2,0
DELEK LOGISTICS PARTNERS| LP,DKL,0.6,1
Delek US Holdings| Inc.,DK,5.8,4
Dell Technologies Inc.,DELL,3.4,2
Delphi Technologies PLC Ordina,DLPH,5.6,4
Delta Air Lines| Inc.,DAL,2.5,3
Deluxe Corporation,DLX,4.4,6
Denbury Resources| Inc.,DNR,16.2,8
Despegar.com| Corp.,DESP,3.0,4
Devon Energy Corporation,DVN,3.3,2
DHI Group| Inc.,DHX,0.1,0
DHT HOLDINGS| INC.,DHT,3.9,2
Diageo plc,DEO,0.1,1
Diamond Offshore Drilling,DO,17.0,7
DiamondRock Hospitality Compan,DRH,5.3,4
Diana Shipping| Inc.,DSX,1.8,6
Dick's Sporting Goods| Inc.,DKS,20.4,8
Diebold Nixdorf Incorporated,DBD,19.1,4
Digital Realty Trust| Inc.,DLR,6.9,8
Dillards Inc.,DDS,38.0,29
Dine Brands Global| Inc.,DIN,13.7,8
DIPLOMAT PHARMACY| INC.,DPLO,15.0,18
Discover Financial Services,DFS,1.2,2
Dividend and Income Fund,DNI,0.5,1
DNP Select Income Fund Inc.,DNP,0.1,1
Dolby Laboratories| Inc.Class,DLB,1.1,1
Dominion Energy| Inc Common St,D,1.5,3
Domino's Pizza Inc.,DPZ,6.5,4
DOMTAR CORPORATION (New),UFS,4.1,3
Donaldson Company| Inc.,DCI,4.4,11
Donnelley Financial Solutions|,DFIN,3.5,10
DORIAN LPG LTD,LPG,4.3,10
DOUGLAS DYNAMICS| INC.,PLOW,1.5,4
Douglas Emmett| Inc.,DEI,1.1,2
Dover Corporation,DOV,1.5,2
Dover Downs Gaming  &  Entertain,DDE,19.3,23
Dover Motorsports,DVD,0.1,2
DowDuPont Inc. Common Stock,DWDP,0.9,2
Dreyfus Alcentra Global Credit,DCF,0.1,0
Dreyfus High Yield Strategies,DHF,0.2,1
Dreyfus Strategic Municipals|,LEO,0.1,1
Dril-Quip| Inc.,DRQ,14.5,5
Drive Shack Inc.,DS,2.0,7
DSW| Inc Class A,DSW,5.8,5
DTE Energy Company,DTE,2.1,4
DTF Tax-Free Income Inc.,DTF,0.2,0
Ducommun Incorporated,DCO,1.1,4
Duff  &  Phelps Select MLP and M,DSE,0.1,0
Duke Energy Corporation,DUK,1.9,4
Duke Realty Corp.,DRE,2.0,3
DWS Municipal Income Trust,KTF,0.2,1
DWS Strategic Municipal Income,KSM,0.2,0
DXC Technology Company,DXC,2.3,2
Dycom Industries| Inc.,DY,8.4,7
DYNAGAS LNG PARNERS LP,DLNG,1.3,1
Dynex Capital| Inc.,DX,2.7,2
e.l.f. Beauty| Inc.,ELF,13.7,12
Eagle Growth and Income Opport,EGIF,3.3,6
Eagle Materials| Inc.,EXP,4.9,3
EAGLE POINT CREDIT COMPANY INC,ECC,4.3,5
Earthstone Energy Inc. Class A,ESTE,4.4,6
Easterly Government Properties,DEA,7.9,14
EastGroup Properties Inc.,EGP,5.0,9
Eastman Chemical Company,EMN,1.6,2
EASTMAN KODAK COMPANY,KODK,22.6,53
Eaton Corporation| plc Ordinar,ETN,2.0,4
Eaton Vance Corp.,EV,5.6,7
Eaton Vance Enhance Equity Inc,EOS,0.2,1
Eaton Vance Floating-Rate Inco,EFT,0.1,0
EATON VANCE FLOATING-RATE INCO,EFF,0.2,0
EATON VANCE MUNICIPAL INCOME 2,ETX,0.1,1
Eaton Vance Risk - Managed Div,ETJ,0.4,1
Eaton Vance Senior Income Trus,EVF,0.2,0
Eaton Vance Tax-Advantaged Div,EVT,0.1,0
Eaton Vance Tax-Advantaged Glo,ETO,0.7,2
ECA Marcellus Trust 1 Interest,ECT,0.2,0
Eclipse Resources Corporation,ECR,9.5,19
Ecolab| Inc.,ECL,1.8,5
Edgewell Personal Care Company,EPC,9.3,6
Edison International,EIX,1.5,2
Edwards Lifesciences Corp,EW,1.5,3
eHi Car Services Limited,EHIC,2.0,13
El Paso Electric Company,EE,1.2,2
Elanco Animal Health Incorpora,ELAN,48.7,5
Elastic N.V.,ESTC,15.2,12
Element Solutions Inc.,ESI,6.0,4
Elevate Credit| Inc.,ELVT,6.3,4
Eli Lilly  &  Co.,LLY,3.8,4
ELLIE MAE| INC.,ELLI,10.7,1
Ellington Financial LLC,EFC,0.2,1
ELLINGTON RESIDENTIAL MORTGAGE,EARN,7.5,10
EMCOR Group| Inc.,EME,1.6,3
Emerald Expositions Events| In,EEX,3.8,5
EMERGE ENERGY SERVICES LP,EMES,8.1,9
Emergent Biosolutions| Inc.,EBS,6.8,11
Emerson Electric Co.,EMR,1.1,2
EMPIRE STATE REALTY TRUST| INC,ESRT,2.1,3
Employers Holdings| Inc.,EIG,2.7,6
ENABLE MIDSTREAM PARTNERS| LP,ENBL,13.8,19
Encompass Health Corporation C,EHC,2.9,4
ENDEAVOUR SILVER CORP,XYL,2.5,4
Energizer Holdings| Inc,ENR,7.8,5
Energy Transfer LP Common Unit,ET,4.4,11
EnerSys| Inc.,ENS,4.0,2
ENLINK MIDSTREAM| LLC,ENLC,4.3,6
Ennis| Inc.,EBF,5.8,14
Enova International| Inc.,ENVA,6.7,6
ENPRO INDUSTRIES,NPO,4.2,8
Ensco PLC,ESV,19.5,10
Entergy Corporation,ETR,4.1,6
Enterprise Products Partners L,EPD,1.4,4
Entravision Communication,EVC,1.4,3
ENVESTNET| INC.,ENV,5.9,13
Enviva Partners| LP,EVA,0.4,1
Enzo Biochem| Inc.,ENZ,2.0,4
EOG Resources| Inc.,EOG,2.0,4
EP ENERGY CORPORATION,EPE,16.0,17
EPAM SYSTEMS| INC.,EPAM,2.2,3
EPR Properties,EPR,4.6,8
EQM Midstream Partners| LP,EQM,3.3,4
EQT CORP,EQT,6.0,4
Equifax| Incorporated,EFX,4.1,3
Equitrans Midstream Corporatio,ETRN,2.3,2
Equity Commonwealth,EQC,1.8,4
Equity Lifestyle Properties| I,ELS,1.2,2
Equity Residential,EQR,1.2,3
Equus Total Return| Inc.,EQS,0.1,1
ERA GROUP INC.,ERA,2.6,13
EROS INTERNATIONAL PLC,EROS,17.0,27
ESCO Technologies| Inc.,ESE,1.0,3
Essent Group LTD,ESNT,1.5,2
Essential Properties Realty Tr,EPRT,1.6,2
Essex Property Trust| Inc,ESS,1.5,3
Esterline Technologies,ESL,4.6,4
Ethan Allen Interiors Inc,ETH,8.0,7
Eventbrite| Inc. Class A Commo,EB,21.3,16
Evercore Inc.,EVR,3.0,2
Everest Re Group| Ltd.,RE,2.7,4
Evergy| Inc.,EVRG,1.2,2
Everi Holdings Inc,EVRI,3.2,3
Eversource Energy,ES,1.3,3
EVERTEC| INC.,EVTC,1.4,2
Evolent Health| Inc Class A Co,EVH,13.5,10
Evoqua Water Technologies Corp,AQUA,6.1,5
Exantas Capital Corp. Common S,XAN,3.1,7
Exelon Corporation,EXC,1.6,3
Express| Inc.,EXPR,22.6,12
Exterran Corporation,EXTN,0.9,3
Extra Space Storage| Inc.,EXR,5.6,10
Exxon Mobil Corporation,XOM,0.7,2
F.N.B. Corp,FNB,3.7,5
Fabrinet,FN,3.7,2
Factset Research Systems,FDS,5.5,10
Fair Isaac Corporation,FICO,2.3,3
Fang Holdings Limited,SFUN,4.6,15
Far Point Acquisition Corporat,FPAC,0.3,3
Farfetch Limited Class A Ordin,FTCH,5.9,18
Farmland Partners Inc.,FPI,12.0,27
FB Financial Corporation,FBK,2.8,9
FBL Financial Group,FFG,0.4,2
Federal Agricultural Mortgage,AGM,1.4,7
Federal Realty Investment Trus,FRT,3.7,7
Federal Signal Corp.,FSS,1.0,3
Federated Investors| Inc.,FII,6.0,7
Federated Premeir Municipal In,FMN,0.1,0
FedEx Corporation,FDX,1.5,2
Ferrellgas Partners| L.P.,FGP,2.4,5
Ferro Corporation,FOE,2.6,5
FGL Holdings Ordinary Shares,FG,3.2,9
Fidelity National Financial| I,FNF,1.9,3
Fidelity National Information,FIS,1.0,1
Fiduciary/Claymore Energy Infr,FMO,0.5,1
First American Financial Corpo,FAF,1.2,2
First BanCorp.,FBP,1.8,3
First Commonwealth Financial C,FCF,2.4,7
First Data Corporation,FDC,5.7,3
First Horizon National Corpora,FHN,6.3,6
First Industrial Realty Trust|,FR,1.4,3
First Trust Dynamic Europe Equ,FDEU,0.5,2
FIRST TRUST ENERGY INFRASTRUCT,FIF,0.3,1
FIRST TRUST HIGH INCOME LONG/S,FSD,0.1,0
FIRST TRUST INTERMEDIATE DURAT,FPF,0.1,0
FIRST TRUST NEW OPPORTUNITIES,FPL,0.1,0
First Trust Specialty Finance,FGB,0.8,2
FirstEnergy Corp.,FE,5.1,4
Fitbit| Inc. Class A common st,FIT,14.2,7
Five Point Holdings| LLC Class,FPH,3.0,8
Flagstar Bancorp| Inc. New,FBC,6.2,3
FLAHERTY  &  CRUMRINE DYNAMIC PR,DFP,0.1,0
Flaherty  &  Crumrine Preferred,PFD,0.1,1
Flaherty  &  Crumrine Preferred,PFO,0.1,1
FleetCor Technologies| Inc.,FLT,1.9,2
Floor  &  Decor Holdings| Inc.,FND,11.1,9
Flotek Industries| Inc.,FTK,12.5,9
Flowers Foods| Inc.,FLO,5.5,6
Flowserve Corporation,FLS,4.6,7
Fluor Corporation,FLR,2.5,2
FMC Corporation,FMC,3.1,3
FOMENTO ECONOMICO MEXICANO| S.,FMX,0.3,2
Foot Locker| Inc.,FL,9.2,6
Ford Motor Company,F,2.5,3
Foresight Energy LP,FELP,0.2,2
Forestar Group Inc.,FOR,2.9,8
Fortive Corporation,FTV,3.6,5
Fortress Transportation and In,FTAI,0.5,2
FORTUNE BRANDS HOME  &  SECURITY,FBHS,3.2,2
FORUM ENERGY TECHNOLOGIES| INC,FET,8.5,4
Foundation Building Materials|,FBM,1.1,3
Four Corners Property Trust| I,FCPT,3.1,7
Franklin Covey Company,FC,1.6,7
Franklin Financial Network| In,FSB,8.7,14
Franklin Resources| Inc.,BEN,8.4,9
FRANK'S INTERNATIONAL N.V.,FI,5.0,10
Freeport-McMoran Inc.,FCX,3.0,2
Fresh Del Monte Produce Inc.,FDP,1.4,3
Front Yard Residential Corpora,RESI,4.8,10
Frontline Ltd.,FRO,4.9,9
FS KKR Capital Corp. Common St,FSK,0.4,2
FTI Consulting| Inc.,FCN,3.9,6
FTS International| Inc. Common,FTSI,3.5,6
Future Fuel Corporation,FF,0.6,1
Gabelli Convertible and Income,GCVB,0.2,1
Gabelli Dividend  &  Income Trus,GDVA,0.1,1
GABELLI UTILITY TRUST,GUT,0.8,4
Gain Capital Holdings| Inc.,GCAP,18.3,19
GAMCO Investors| Inc.,GBL,1.8,7
GameStop Corp. Class A,GME,33.0,12
Gannett Co.| Inc,GCI,17.2,17
Gardner Denver Holdings| Inc.,GDI,2.4,2
Garrett Motion Inc. Common Sto,GTX,9.0,10
Gartner| Inc.,IT,5.2,4
GASLOG LTD,GLOG,4.4,5
GASLOG PARTNERS LP,GLOP,1.1,2
Gates Industrial Corporation p,GTES,7.1,7
GATX Corporation,GATX,17.0,33
GCP Applied Technologies Inc.,GCP,5.5,10
GENCO SHIPPING  &  TRADING LTD,GNK,3.0,6
GENERAC HOLDINGS INC,GNRC,3.4,4
General American Investors Com,GAMB,0.1,2
General Dynamics Corporation,GD,1.2,2
General Electric Company,GE,1.5,1
General Mills| Inc.,GIS,3.0,5
General Motors Company,GM,1.6,2
Genesco Inc.,GCO,12.7,9
Genesee  &  Wyoming Inc.,GWR,5.5,8
Genesis Energy| L.P.,GEL,6.3,12
Genesis Healthcare| Inc.,GEN,6.1,27
GENIE ENERGY LTD,GNE,9.0,7
GENPACT LIMITED,G,0.7,1
Genuine Parts Company,GPC,2.5,3
Genworth Financial| Inc.,GNW,4.4,6
GEOPARK LIMITED,GPRK,0.8,1
Gerdau S.A.,GGB,6.3,7
Getty Realty Corp.,GTY,1.5,5
Glatfelter,GLT,3.9,6
Glaukos Corporation,GKOS,13.0,18
GLOBAL BRASS AND COPPER HOLDIN,BRSS,1.0,2
Global Cord Blood Corporation,CO,1.4,12
Global Medical REIT Inc.,GMRE,2.0,2
Global Net Lease| Inc.,GNL,3.0,3
Global Partners LP,GLP,0.8,3
Global Payments| Inc.,GPN,2.3,2
Global Ship Lease| Inc.,GSL,0.1,1
GLOBANT S.A.,GLOB,3.2,5
GLOBUS MEDICAL INC,GMED,4.2,7
GMS Inc.,GMS,6.3,3
GNC Holdings| Inc.,GNC,22.0,21
GoDaddy Inc,GDDY,3.7,5
Gold Fields Ltd ADR,GFI,1.9,3
Goldman Sachs BDC| Inc.,GSBD,0.1,1
Goldman Sachs Group Inc.,GS,1.7,2
Goldman Sachs MLP Energy Renai,GER,0.1,0
GOLDMAN SACHS MLP INCOME OPPOR,GMZ,0.8,2
GP Strategies Corp.,GPX,2.9,11
Graco Inc,GGG,2.1,5
Graf Industrial Corp. Common S,GRAF,0.6,1
GrafTech International Ltd.,EAF,17.5,8
Graham Corporation,GHM,0.5,3
GRAHAM HOLDINGS COMPANY,GHC,2.2,3
Granite Construction Inc.,GVA,6.6,9
Granite Point Mortgage Trust I,GPMT,8.6,2
Graphic Packaging Holding Comp,GPK,9.2,7
Gray Television| Inc.,GTN,6.5,10
Gray Television| Inc. Class A,GTNA,0.7,8
Great Ajax Corp.,AJX,1.2,6
Great Western Bancorp| Inc.,GWB,2.0,4
Green Dot Corporation,GDOT,3.3,4
Greenhill  &  Co.| Inc.,GHL,21.2,10
Greif| Inc.,GEF,5.9,6
Greif| Inc. Class B,GEFB,1.2,7
Griffon Corp,GFF,4.5,7
Group 1 Automotive| Inc.,GPI,14.7,15
GRUBHUB INC.,GRUB,15.7,3
GTT Communications| Inc.,GTT,33.9,29
Guess?| Inc.,GES,7.2,5
GUGGENHEIM CREDIT ALLOCATION F,GGM,0.1,0
Guggenheim Enhanced Equity Inc,GPM,0.2,1
Guggenheim Strategic Opportuni,GOF,0.4,1
Guggenheim Taxable Municipal M,GBAB,0.4,1
GUIDEWIRE SOFTWARE| INC.,GWRE,5.4,6
H & R Block| Inc.,HRB,16.0,10
H.B. Fuller Company,FUL,4.9,5
Haemonetics Corporation,HAE,2.7,2
Halcon Resources Corp.,HK,21.9,9
Halliburton Company,HAL,2.2,2
Hamilton Beach Brands Holding,HBB,2.4,6
Hanesbrands| Inc.,HBI,10.0,4
HANNON ARMSTRONG SUSTAINABLE I,HASI,4.5,9
Harley-Davidson| Inc.,HOG,9.9,9
Harris Corporation,HRS,7.8,10
Harsco Corporation,HSC,4.2,9
Harte-Hanks| Inc.,HHS,0.5,2
Haverty Furniture Companies| I,HVT,10.3,31
Haverty Furniture Companies| I,HVTA,0.1,1
Hawaiian Electric Industries|,HE,3.9,13
HC2 Holdings| Inc. Common Stoc,HCHC,11.3,31
HCA Healthcare| Inc.,HCA,1.6,4
HCI Group| Inc.,HCI,12.4,20
HCP| INC.,HCP,5.2,9
HDFC Bank Limited,HDB,0.2,4
Healthcare Realty Trust Incorp,HR,4.2,10
HEALTHCARE TRUST OF AMERICA| I,HTA,0.8,1
Hecla Mining Company,HL,5.4,7
HEICO CORP CL A,HEIA,1.1,4
HEICO Corporation,HEI,4.7,8
Helix Energy Solutions Group|,HLX,5.3,11
Helmerich  &  Payne| Inc.,HP,9.2,8
Herbalife Nutrition Ltd.,HLF,10.5,10
Herc Holdings Inc.,HRI,2.3,3
Hercules Capital| Inc.,HTGC,1.3,2
HERITAGE INSURANCE HOLDINGS IN,HRTG,6.5,13
Hersha Hospitality Trust  Prio,HT,14.2,16
Hertz Global Holdings| Inc.,HTZ,25.3,12
Hess Corporation,HES,6.9,5
Hess Midstream Partners LP Com,HESM,1.4,3
Hewlett Packard Enterprise Com,HPE,2.6,4
Hexcel Corporation,HXL,2.5,5
HFF| Inc. Class A,HF,1.2,3
HI-CRUSH PARTNERS LP,HCLP,9.0,8
High Income Securities Fund,PCF,0.1,0
HighPoint Resources Corporatio,HPR,19.8,16
Highwoods Properties Inc.,HIW,2.1,3
Hill International| Inc. Commo,HIL,1.7,8
HILL-ROM HOLDINGS| INC.,HRC,2.0,3
HILLTOP HOLDINGS INC.,HTH,2.1,5
Hilton Grand Vacations Inc. Co,HGV,5.6,7
Hilton Worldwide Holdings Inc.,HLT,3.2,3
HNI Corporation,HNI,2.7,7
HOEGH LNG PARTNERS LP,HMLP,0.9,2
Holly Energy Partners| L.P.,HEP,1.5,5
HOLLYFRONTIER CORP,HFC,4.6,4
Home Depot| Inc.,HD,0.8,2
Honeywell International| Inc.,HON,0.7,2
Horace Mann Educators Corporat,HMN,1.3,3
Horizon Global Corporation,HZN,13.5,12
Hormel Foods Corporation,HRL,12.2,13
Hornbeck Offshore Services| In,HOS,9.6,16
Host Hotels  &  Resorts| Inc.,HST,4.4,4
Houlihan Lokey| Inc.,HLI,3.0,6
Hovnanian Enterprises| Inc. Cl,HOV,7.4,11
HP Inc.,HPQ,1.6,3
Huami Corporation,HMI,1.6,1
HUBSPOT| INC.,HUBS,9.8,4
Hudson Ltd. Class A Common Sha,HUD,1.6,2
Hudson Pacific Properties| Inc,HPP,0.8,1
Humana Inc.,HUM,1.8,2
Hunt Companies Finance Trust|,HCFT,0.5,3
Huntington Ingalls Industries|,HII,2.5,3
Huntsman Corporation,HUN,3.1,2
Hyatt Hotels Corporation,H,7.6,5
HYSTER-YALE MATERIALS HANDLING,HY,2.7,5
IDACORP| Inc.,IDA,2.1,5
IDEX Corporation,IEX,1.3,3
IDT Corporation Class B,IDT,2.5,6
Illinois Tool Works Inc.,ITW,1.7,3
Imax Corp,IMAX,5.9,9
INDEPENDENCE CONTRACT DRILLING,ICD,0.9,3
Independence Holding Company,IHC,1.8,19
Independence Realty Trust Inc.,IRT,2.3,5
Infosys Limited American Depos,INFY,2.0,12
InfraREIT| Inc.,HIFR,1.1,2
Ingersoll-Rand PLC,IR,1.4,2
Ingevity Corporation,NGVT,1.4,2
Ingredion Incorporated,INGR,5.6,6
Innovative Industrial Properti,IIPR,14.1,3
INPHI CORPORATION,IPHI,15.2,10
Insperity| Inc,NSP,2.5,2
Inspire Medical Systems| Inc.,INSP,4.2,3
INSTALLED BUILDING PRODUCTS| I,IBP,6.3,10
Instructure| Inc.,INST,9.8,7
Integer Holdings Corporation,ITGR,0.9,2
INTELSAT S. A.,I,22.3,7
Intercontinental Exchange  Inc,ICE,0.9,1
InterContinental Hotels Group,IHG,0.3,7
International Business Machine,IBM,1.5,4
International Flavors  &  Fragra,IFF,4.1,4
International Game Technology,IGT,10.2,5
International Paper Co.,IP,2.6,4
International Seaways| Inc. Co,INSW,5.0,19
Interxion Holding N.V.,INXN,4.7,8
Intrepid Potash| Inc,IPI,3.2,5
Invacare Corporation,IVC,25.6,4
Invesco  Senior Income Trust,VVR,0.1,0
Invesco  Trust Investment Grad,VGM,0.1,0
Invesco LTD,IVZ,3.1,3
Invesco Mortgage Capital Inc.,IVR,2.8,1
Invesco Municipal Opportunity,VMO,0.1,0
INVESCO QUALITY MUNICIPAL SECU,IQI,0.1,0
INVESCO VALUE MUNICIPAL INCOME,IIM,0.1,0
Investment Technology Group| I,ITG,6.7,6
Investors Real Estate Trust,IRET,2.0,4
Invitae Corporation,NVTA,8.7,4
Invitation Homes Inc. Common S,INVH,6.3,6
ION Geophysical Corporation,IO,7.4,4
IQVIA Holdings Inc.,IQV,1.6,2
Iron Mountain Inc.,IRM,10.1,12
ISTAR INC,STAR,9.0,16
Itau Unibanco Holding S.A. Ame,ITUB,0.4,1
ITT Inc.,ITT,1.8,4
Ivy Credit Opportunities Fund,IVH,0.1,0
J. Alexander's Holdings| Inc.,JAX,1.3,4
J.C. Penney Company| Inc.,JCP,37.6,16
J.Jill| Inc. Common Stock,JILL,18.3,10
Jabil Inc.,JBL,4.1,4
Jacobs Engineering Group,JEC,3.6,3
Jagged Peak Energy Inc.,JAG,21.3,11
Janus Henderson Group plc Ordi,JHG,3.6,6
JBG SMITH Properties Common Sh,JBGS,1.9,5
Jefferies Financial Group Inc.,JEF,5.1,5
JELD-WEN Holding| Inc.,JELD,7.4,7
Jernigan Capital| Inc.,JCAP,3.5,7
Jianpu Technology Inc. America,JT,1.6,6
JMP Group LLC,JMP,0.1,1
John Bean Technologies Corpora,JBT,5.3,8
John Hancock Financial Opportu,BTO,0.2,1
John Hancock Investors Trust C,JHI,0.1,0
John Hancock Preferred Income,HPS,0.4,2
John Hancock Preferred Income,HPI,0.2,1
John Hancock Preferred Income,HPF,1.1,7
John Hancock Premium Dividend,PDT,0.5,4
John Hancock Tax-Advantaged Di,HTD,0.3,1
John Wiley  &  Sons| Inc. Class,JWA,2.6,5
Johnson  &  Johnson,JNJ,0.4,2
Johnson Controls International,JCI,1.5,3
Jones Lang LaSalle| Inc.,JLL,1.8,2
JPMorgan Chase  &  Co.,JPM,0.5,1
Juniper Networks Inc,JNPR,5.2,5
K12| Inc| Common Stock,LRN,2.5,3
Kadant Inc.,KAI,3.7,7
Kadmon Holdings| Inc.,KDMN,5.9,14
Kaman Corp,KAMN,3.7,7
Kansas City Southern,KSU,2.2,2
KAR AUCTION SERVICES| INC.,KAR,1.5,3
KB Home,KBH,5.7,3
KBR| Inc.,KBR,4.7,5
Keane Group| Inc.,FRAC,94.6,5
Kellogg Company,K,4.3,3
KEMET Corporation,KEM,13.4,5
Kemper Corporation,KMPR,2.0,4
Kennametal Inc.,KMT,3.3,4
KENNEDY-WILSON HOLDINGS| INC.,KW,2.8,9
KENON HOLDINGS LTD.,KEN,0.1,4
Keurig Dr Pepper Inc.,KDP,5.4,6
Key Energy Services| Inc. Comm,KEG,16.9,9
KeyCorp,KEY,1.2,1
Keysight Technologies| Inc.,KEYS,1.7,2
Kilroy Realty Corp.,KRC,4.1,7
Kimbell Royalty Partners| LP C,KRP,0.3,1
Kimberly-Clark Corp.,KMB,2.0,4
Kimco Realty Corp.,KIM,4.7,5
Kinder Morgan| Inc.,KMI,2.5,3
Kingsway Financial Services| I,KFS,0.2,1
Kirby Corporation,KEX,8.1,9
Kite Realty Group Trust,KRG,2.1,4
KKR  &  Co. Inc. Class A Common,KKR,2.0,2
KKR INCOME OPPORTUNITIES FUND,KIO,0.3,0
KKR Real Estate Finance Trust,KREF,3.3,5
Knight-Swift Transportation Ho,KNX,20.5,13
Knoll| Inc.,KNL,1.6,3
KNOT OFFSHORE PARTNERS LP,KNOP,0.2,0
KNOWLES CORPORATION,KN,11.5,10
Kohl's Corporation,KSS,16.0,8
Koppers Holdings| Inc.,KOP,4.6,6
Korn Ferry,KFY,1.5,3
Kosmos Energy Ltd.,KOS,12.0,11
Kraton Corporation,KRA,2.9,6
Kronos Worldwide| Inc.,KRO,20.5,13
L Brands| Inc.,LB,4.8,4
L3 Technologies| Inc.,LLL,3.8,7
Laboratory Corporation of Amer,LH,2.4,3
LADDER CAPITAL CORP,LADR,2.3,4
Lamb Weston Holdings| Inc.,LW,4.8,5
Lannett Company| Inc.,LCI,66.0,8
Laredo Petroleum| Inc.,LPI,17.3,6
Las Vegas Sands Corp.,LVS,2.1,3
Lazard Global Total Return  &  I,LGI,0.6,2
Lazard Ltd. Class A,LAZ,0.9,1
La-Z-Boy Incorporated,LZB,4.1,7
LCI Industries,LCII,10.2,9
Leaf Group Ltd.,LEAF,0.8,5
Lear Corporation,LEA,2.6,2
Lee Enterprises| Inc.,LEE,6.3,24
Legg Mason| Inc.,LM,3.4,2
Leggett  &  Platt| Inc.,LEG,8.2,7
Leidos Holdings| Inc.,LDOS,2.6,3
LendingClub Corporation,LC,4.0,7
Lennar Corporation Class A,LEN,4.5,4
Lennar Corporation Class B,LENB,1.2,3
Lennox International Inc.,LII,5.9,7
Lexington Realty Trust,LXP,3.8,5
Liberty All-Star Equity Fund,USA,0.3,1
LIBERTY ALL-STAR GROWTH FD,ASG,0.4,0
Liberty Oilfield Services Inc.,LBRT,30.4,22
Liberty Property Trust,LPT,1.5,2
Life Storage| Inc.,LSI,4.1,9
Lincoln National Corp.,LNC,1.6,2
Linde plc Ordinary Share,LIN,1.0,3
Lindsay Corporation,LNN,9.1,11
Lithia Motors| Inc.,LAD,13.6,8
Live Nation Entertainment Inc.,LYV,7.6,10
Livent Corporation,LTHM,55.3,9
LiveRamp Holdings| Inc. Common,RAMP,9.0,6
Lockheed Martin Corp.,LMT,1.0,3
Loews Corporation,L,1.6,3
Louisiana-Pacific Corp.,LPX,4.0,3
Lowe's Companies Inc.,LOW,1.3,3
LSB INDUSTRIES INC,LXU,4.2,17
LSC Communications| Inc.,LKSD,11.1,10
LTC Properties| Inc.,LTC,2.4,6
Luby's Inc.,LUB,0.6,3
Lumber Liquidators Holdings| I,LL,18.2,7
Luxfer Holdings PLC Ordinary S,LXFR,3.7,6
LUXOFT HOLDING| INC.,LXFT,5.1,3
Lydall| Inc.,LDL,4.1,7
LyondellBasell Industries N.V.,LYB,1.8,2
M & T Bank Corp.,MTB,1.0,1
M.D.C. Holdings| Inc.,MDC,3.9,4
M/I Homes| Inc.,MHO,2.2,2
Mack-Cali Realty Corp.,CLI,2.6,7
Macquarie Global Infrastructur,MGU,0.1,0
Macquarie Infrastructure Compa,MIC,5.1,8
Macy's Inc.,M,13.3,5
Madison Covered Call  &  Equity,MCN,0.2,1
Magellan Midstream Partners| L,MMP,1.9,4
Magnachip Semiconductor Corp.,MX,2.2,2
Magnolia Oil  &  Gas Corporation,MGY,8.4,9
Main Street Capital Corporatio,MAIN,4.3,11
MainStay MacKay DefinedTerm Mu,MMD,0.2,1
MALLINCKRODT PUBLIC LIMITED CO,MNK,30.1,24
MANCHESTER UNITED PLC,MANU,0.3,1
MANNING  &  NAPIER| INC.,MN,7.0,14
ManpowerGroup,MAN,2.6,2
Marathon Oil Corporation,MRO,1.6,1
MARATHON PETROLEUM CORPORATION,MPC,1.1,1
MARCUS  &  MILLICHAP,MMI,3.7,4
Marine Products Corp.,MPX,6.7,7
MarineMax| Inc.,HZO,9.9,7
Markel Corporation,MKL,1.1,3
MARRIOTT VACATIONS WORLDWIDE C,VAC,4.8,6
Marsh  &  McLennan Companies| In,MMC,1.1,3
Martin Marietta Materials,MLM,5.1,3
Masco Corporation,MAS,2.6,2
MASONITE INTERNATIONAL CORP,DOOR,1.2,2
MasTec| Inc.,MTZ,19.9,15
Mastercard Incorporated,MA,0.8,2
MATADOR RESOURCES COMPANY,MTDR,18.1,10
Materion Corporation,MTRN,0.8,1
Matsons| Inc.,MATX,1.5,4
Maui Land  &  Pineapple Co.,MLP,3.1,21
Maxar Technologies Inc. Common,MAXR,22.0,7
MAXIMUS| Inc.,MMS,2.7,4
MAXLINEAR| INC.,MXL,12.1,10
MBIA Inc.,MBI,18.0,33
McCormick  &  Company| Incorpora,MKC,7.6,7
McDermott International,MDR,19.0,5
McDonald's Corporation,MCD,0.6,1
MCEWEN MINING| INC.,MUX,17.0,29
McKesson Corporation,MCK,2.2,2
MDU Resources Group| Inc.,MDU,1.6,3
MedEquities Realty Trust| Inc.,MRT,2.0,2
Medical Properties Trust| Inc.,MPW,5.3,5
Medifast| Inc.,MED,15.0,7
MEDLEY CAPITAL CORPORATION,MCC,0.4,1
Medley Management Inc,MDLY,2.0,1
Mednax| Inc (Holding Company),MD,3.4,2
Medtronic plc,MDT,0.7,2
Merck  &  Co.| Inc.,MRK,1.6,4
Mercury General Corp.,MCY,6.2,3
Meredith Corporation,MDP,22.6,19
Meritage Homes Corporation,MTH,5.8,5
MERITOR| Inc.,MTOR,7.4,5
Mesabi Trust,MSB,0.9,1
Methode Electronics,MEI,3.5,6
MetLife| Inc.,MET,1.5,2
Metropolitan Bank Holding Corp,MCB,0.7,5
Mettler-Toledo Intl,MTD,2.9,5
MEXICO FUND,MXF,0.1,1
MFA Financial| Inc,MFA,0.9,2
MFS High Income Municipal Trus,CXE,0.1,0
MFS High Yield Municipal Trust,CMU,0.4,2
MFS Intermediate High Income F,CIF,0.2,0
MFS Intermediate Income Trust,MIN,0.1,0
MFS Multimarket Income Trust S,MMT,0.2,1
MFS Municipal Income Trust Sha,MFM,0.1,0
MGIC Investment Corp.,MTG,1.4,2
MGM Growth Properties LLC  Cla,MGP,5.0,4
MGM RESORTS INTERNATIONAL,MGM,3.6,2
Mid-America Apartment Communit,MAA,1.4,2
Midsouth Bancorp| Inc.,MSL,6.1,23
Midstates Petroleum Company| I,MPO,7.8,4
Milacron Holdings Corp.,MCRN,1.4,3
Miller Industries| Inc.,MLR,0.5,2
Mine Safety Incorporated,MSA,2.0,4
Minerals Technologies Inc,MTX,0.8,2
Mistras Group Inc.,MG,0.4,2
MODEL N| INC.,MODN,3.0,4
Modine Manufacturing Co,MOD,1.1,2
MOELIS  &  COMPANY,MC,3.1,3
Mohawk Industries| Inc.,MHK,6.6,3
Molina Healthcare| Inc.,MOH,7.5,5
Molson Coors Brewing Company C,TAP,5.0,3
Molson Coors Brewing Company C,TAPA,2.3,9
Monmouth Real Estate Investmen,MNR,1.0,2
Moody's Corporation,MCO,2.7,5
Moog Inc.,MOGA,1.3,4
Morgan Stanley,MS,0.9,1
Morgan Stanley Emerging Market,EDD,0.2,0
Morgan Stanley Emerging Market,MSD,0.2,1
Morgan Stanley Emerging Market,MSF,0.2,0
Motorola Solutions| Inc. New,MSI,2.3,2
Movado Group| Inc.,MOV,6.6,6
MPLX LP,MPLX,4.4,6
MRC GLOBAL INC.,MRC,6.8,7
MSC Industrial Direct Co.| Inc,MSM,3.3,5
MSCI| Inc.,MSCI,1.7,3
MSG Networks Inc.,MSGN,19.0,19
Mueller Industries| Inc.,MLI,1.3,3
Mueller Water Products| Inc.,MWA,1.8,2
Murphy Oil Corp.,MUR,9.5,7
MURPHY USA INC.,MUSA,4.9,4
MV Oil Trust,MVO,1.0,3
MVC Capital| Inc.,MVC,0.3,3
Myers Industries| Inc.,MYE,1.4,7
Myovant Sciences Ltd.,MYOV,7.5,15
Nabors Industries Ltd.,NBR,16.2,5
NACCO Industries| Inc.,NC,1.7,7
Nam Tai Property Inc.,NTP,0.6,13
NATIONAL BANK HOLDINGS CORP.,NBHC,2.2,6
National Fuel Gas Co.,NFG,5.5,9
National Health Investors,NHI,3.5,9
National Oilwell Varco| Inc.,NOV,3.9,3
National Presto Industries| In,NPK,17.8,36
National Retail Properties| In,NNN,4.5,5
National Storage Affiliates Tr,NSA,2.0,5
Natural Gas Services Group| In,NGS,1.0,4
NATURAL GROCERS BY VITAMIN COT,NGVC,15.1,6
Natural Resource Partners L.P.,NRP,1.0,2
Nautilus| Inc.,NLS,7.1,4
Navigant Consulting| Inc.,NCI,4.0,6
NAVIGATOR HOLDINGS LTD.,NVGS,0.8,2
Navios Maritime Acquisition Co,NNA,2.2,2
Navios Maritime Holdings Inc.,NM,2.6,3
Navios Maritime Partners L.P.,NMM,0.2,0
Navistar International,NAV,2.2,5
NCI Building Systems| Inc,NCS,3.0,2
NCR Corporation,NCR,7.3,6
Neenah| Inc. Common Stock,NP,2.7,3
Nelnet| Inc. Class A,NNI,1.0,5
NEOPHOTONICS CORP,NPTN,11.2,8
Netshoes (Cayman) Limited,NETS,0.5,1
NEVRO CORP.,NVRO,10.9,6
New Frontier Corporation Class,NFC,0.4,14
NEW IRELAND FUND INC,IRL,0.1,1
New Jersey Resources Corp,NJR,3.1,4
NEW MEDIA INVESTMENT GROUP INC,NEWM,7.4,14
NEW MOUNTAIN FINANCE CORPORATI,NMFC,1.7,2
New Relic| Inc.,NEWR,4.5,2
NEW RESIDENTIAL INVESTMENT COR,NRZ,3.9,4
NEW SENIOR INVESTMENT GROUP IN,SNR,1.9,3
New York Community Bancorp| In,NYCB,10.3,7
New York Times Co.,NYT,13.3,5
NewMarket Corporation,NEU,3.0,4
Newmont Mining Corp.,NEM,4.7,5
Newpark Resources| Inc.,NR,6.7,9
Nexa Resources S.A. Common Sha,NEXA,0.5,1
NexPoint Residential Trust Inc,NXRT,1.9,6
NexPoint Strategic Opportuniti,NHF,0.1,0
NextEra Energy Partners| LP,NEP,1.7,3
Nextra Energy| Inc.,NEE,1.1,3
NGL ENERGY PARTNERS LP,NGL,5.2,3
Nielsen Holdings plc,NLSN,3.5,4
Nike| Inc.,NKE,0.8,2
Nine Energy Service| Inc.,NINE,2.7,5
NIO Inc. American depositary s,NIO,7.0,3
NiSource Inc.,NI,4.9,5
NL Industries| Inc.,NL,1.7,8
Noah Holdings Limited,NOAH,9.7,26
Noble Corporation,NE,18.1,12
Noble Energy| Inc.,NBL,5.3,5
Noble Midstream Partners LP,NBLX,2.7,4
Nokia Corporation,NOK,0.9,2
Nomad Foods Limited,NOMD,0.4,1
Nordic American Offshore Ltd.,NAO,4.9,12
Nordic American Tanker,NAT,4.3,4
Nordstrom| Inc.,JWN,18.9,7
Norfolk Southern Corp.,NSC,1.6,2
North European Oil Royalty Tru,NRT,0.3,1
Northrop Grumman Corp.,NOC,1.3,2
NorthStar Realty Europe Corp.,NRE,2.0,1
Northwest Natural Holding Comp,NWN,4.2,11
NorthWestern Corporation,NWE,3.9,8
Norwegian Cruise Line Holdings,NCLH,1.3,2
Novartis AG,NVS,0.1,1
Novo-Nordisk A/S,NVO,0.2,3
NOW INC.,DNOW,10.8,11
NRG Energy| Inc.,NRG,4.1,4
Nucor Corporation,NUE,1.7,2
NuSkin Enterprises| Inc.,NUS,4.6,3
NuStar Energy L.P.,NS,7.9,14
NUVEEN ALL CAP ENERGY MLP OPPO,JMLP,0.1,0
Nuveen AMT-Free Municipal Valu,NUW,0.1,0
Nuveen AMT-Free Quality Munici,NEA,0.1,0
Nuveen California AMT-Free Qua,NKX,0.1,0
Nuveen Credit Strategies Incom,JQC,0.1,0
NUVEEN DOW 30SM DYNAMIC OVERWR,DIAX,0.1,0
Nuveen Emerging Markets Debt 2,JEMD,0.3,1
NUVEEN ENERGY MLP TOTAL RETURN,JMF,0.1,0
Nuveen Floating Rate Income Fu,JFR,0.1,0
Nuveen Floating Rate Income Op,JRO,0.2,1
NUVEEN GLOBAL HIGH INCOME FUND,JGH,0.1,0
Nuveen High Income 2020 Target,JHY,0.1,0
Nuveen High Income 2023 Target,JHAA,0.1,1
Nuveen High Income November 20,JHB,0.1,0
NUVEEN INTERMEDIATE DURATION Q,NIQ,0.1,0
Nuveen Missouri Quality Munici,NOM,0.2,1
Nuveen Municipal Credit Income,NZF,0.1,0
Nuveen Municipal High Income O,NMZ,0.1,0
Nuveen NY Municipal Value,NNY,0.1,1
NUVEEN NY SEL TAX-FREE INC,NXN,0.1,1
Nuveen Preferred  &  Income Oppo,JPC,0.1,0
Nuveen Preferred and Income 20,JPT,0.1,0
NUVEEN REAL ASSET INCOME AND G,JRI,0.1,0
Nuveen Real Estate Income Fund,JRS,0.3,1
NUVEEN SENIOR INCM FD,NSL,0.2,0
NUVEEN SHORT DURATION CREDIT O,JSD,0.1,0
Nuveen Taxable Municipal Incom,NBB,0.8,2
NUVEEN TAX-ADVANTAGE DIVIDEND,JTD,0.2,1
Nuveen Tax-Advantaged Total Re,JTA,0.3,1
nVent Electric plc Ordinary Sh,NVT,0.6,1
NVR| Inc.,NVR,1.6,2
OAKTREE CAPITAL GROUP| LLC,OAK,1.1,3
Oasis Midstream Partners LP Co,OMP,0.3,0
OASIS PETROLEUM INC.,OAS,12.9,4
Occidental Petroleum Corporati,OXY,1.4,2
Oceaneering International Inc.,OII,4.9,4
Och-Ziff Capital Management Gr,OZM,2.1,4
Ocwen Financial Corporation,OCN,4.4,14
OFG BANCORP,OFG,2.6,6
OFG BANCORP 7.0%  SER B,OFGB,0.3,1
OGE Energy Corp.,OGE,3.9,5
OIL STATES INTERNATIONAL| INC.,OIS,8.5,7
Oil-Dri Corporation of America,ODC,0.5,2
Old Republic International Cor,ORI,1.5,3
Olin Corp.,OLN,4.4,3
Omega Healthcare Investors Inc,OHI,7.1,6
Omnicom Group Inc.,OMC,10.5,8
OMNOVA Solutions Inc.,OMN,0.7,1
On Deck Capital| Inc.,ONDK,5.3,3
ONE GAS| INC.,OGS,2.5,7
One Liberty Properties| Inc.,OLP,0.5,3
OneMain Holdings| Inc.,OMF,2.5,2
Oneok| Inc.,OKE,3.2,5
OneSmart International Educati,ONE,0.7,6
Ooma| Inc. Common Stock,OOMA,2.2,13
Oppenheimer Holdings| Inc.,OPY,1.7,2
Oracle Corp,ORCL,2.1,4
Orchid Island Capital| Inc.,ORC,8.3,9
ORION ENGINEERED CARBONS S.A.,OEC,0.7,1
Orion Group Holdings| Inc,ORN,1.3,2
Ormat Technologies| Inc.,ORA,3.3,13
Oshkosh Corp.,OSK,2.5,2
OUTFRONT Media Inc.,OUT,1.4,3
Overseas Shipholding Group Inc,OSG,1.0,4
Owens  &  Minor| Inc.,OMI,19.2,12
Owens Corning,OC,5.2,4
Owens Illinois Inc.,OI,4.8,4
Oxford Industries| Inc.,OXM,7.9,12
PACIFIC COAST OIL TRUST,ROYT,0.2,1
Pacific Drilling S.A. Common S,PACD,0.1,6
Packaging Corp of America,PKG,1.8,2
PagSeguro Digital Ltd.,PAGS,9.2,7
PALO ALTO NETWORKS| INC,PANW,6.1,5
Panhandle Oil and Gas Inc.,PHX,1.5,9
Par Pacific Holdings| Inc. Com,PARR,2.9,5
PAR Technology Corp.,PAR,8.6,15
PARAMOUNT GROUP| INC.,PGRE,1.7,4
Park Electrochemical Corp.,PKE,3.3,3
Park Hotels  &  Resorts Inc. Com,PK,6.4,9
Parker Hannifin Corp,PH,1.6,2
PARSLEY ENERGY INC,PE,3.5,2
Party City Holdco Inc.,PRTY,23.8,14
PAYCOM SOFTWARE| INC.,PAYC,8.4,4
PBF ENERGY INC.,PBF,7.8,5
PBF LOGISTICS LP,PBFX,1.3,2
Peabody Energy Corporation,BTU,2.5,3
Pebblebrook Hotel Trust,PEB,7.6,12
Pennsylvania Real Estate Inves,PEI,29.0,11
PennyMac Financial Services| I,PFSI,1.0,3
PennyMac Mortgage Investment T,PMT,3.9,2
Penske Automotive Group| Inc.,PAG,12.8,7
Pentair plc,PNR,1.6,2
Penumbra| Inc.,PEN,10.3,15
Performance Food Group Company,PFGC,1.3,2
PerkinElmer| Inc.,PKI,3.5,6
PermRock Royalty Trust Trust U,PRT,0.1,0
PERRIGO COMPANY PLC,PRGO,6.2,7
Perspecta Inc. Common Stock,PRSP,0.9,1
PETROLEO BRASILEIRO S.A.-PETRO,PBR,0.7,2
Pfizer Inc.,PFE,2.7,7
PG & E Corporation,PCG,3.0,2
PGIM Global Short Duration Hig,GHY,0.1,0
PGIM Short Duration High Yield,ISD,0.1,0
PGT| Inc.,PGTI,3.5,6
Philip Morris International In,PM,0.7,2
PHILLIPS 66,PSX,1.3,2
PHILLIPS 66 PARTNERS LP,PSXP,4.4,6
PHYSICIANS REALTY TRUST,DOC,2.4,4
Piedmont Office Realty Trust|,PDM,5.7,7
Pier 1 Imports| Inc.,PIR,16.3,7
Pimco California Municipal Inc,PCQ,0.6,6
PIMCO Dynamic Credit and Mortg,PCI,0.1,0
PIMCO Dynamic Income Fund,PDI,0.9,2
Pimco Income Opportunity Fund,PKO,0.5,2
PIMCO MUNICIPAL INCOME FUND II,PML,1.2,4
PIMCO Municipal Income Fund II,PMX,0.7,2
PIMCO NEW YORK MUNICIPAL INCOM,PNI,0.4,3
PIMCO NEW YORK MUNICIPAL INCOM,PNF,1.1,7
PIMCO New York Municipal Incom,PYN,0.6,3
Pinnacle West Capital Corporat,PNW,4.3,6
Pioneer Energy Services Corp.,PES,4.0,7
Pioneer Floating Rate Trust,PHD,0.1,0
PIONEER HIGH INCOME TRUST,PHT,0.2,0
Pioneer Municipal High Income,MHI,0.1,0
Pioneer Municipal High Income,MAV,0.1,0
Pioneer Natural Resource Co.,PXD,2.1,2
Piper Jaffray Companies,PJC,2.4,7
Pitney Bowes Inc.,PBI,11.9,4
Pivotal Software| Inc.,PVTL,10.8,5
PJT Partners Inc.,PJT,2.0,4
Plains All American Pipeline|,PAA,2.8,4
PLAINS GP HOLDINGS| L.P.,PAGP,2.6,2
Planet Fitness| Inc.,PLNT,5.7,4
Plantronics| Inc.,PLT,8.0,4
PlayAGS| Inc.,AGS,3.1,2
PNC Financial Services Group,PNC,0.7,1
PNM Resources| Inc.,PNM,1.3,3
Polaris Industries Inc.,PII,8.9,6
POLYONE CORPORATION COMMON SHA,POL,2.3,4
Portland General Electric Comp,POR,1.3,2
POSCO,PKX,0.1,1
POST HOLDINGS| INC.,POST,4.8,3
PPDAI Group Inc. American Depo,PPDF,0.3,1
PPG Industries| Inc.,PPG,2.6,6
PPL Corporation,PPL,5.9,8
PQ Group Holdings Inc. Common,PQG,1.8,11
Preferred Apartment Communitie,APTS,3.3,7
Prestige Consumer Healthcare I,PBH,20.3,16
PRIMERICA| INC.,PRI,2.4,5
ProAssurance Corporation,PRA,1.4,3
Procter  &  Gamble Company,PG,0.9,2
Progressive Corporation,PGR,1.4,2
PROLOGIS| INC.,PLD,1.0,2
ProPetro Holding Corp.,PUMP,12.4,12
Pros Holdings| Inc.,PRO,11.3,9
Prosperity Bancshares Inc,PB,8.0,11
PROTO LABS| INC.,PRLB,4.8,4
Provident Financial Services|,PFS,3.1,6
Prudential Financial| Inc.,PRU,1.0,2
PS Business Parks| Inc.,PSB,1.6,4
Public Service Enterprise Grou,PEG,1.8,3
Public Storage,PSA,4.5,8
Pultegroup| Inc.,PHM,8.2,5
Pure Storage| Inc. Class A,PSTG,8.1,5
Putnam Managed Municipal Incom,PMM,0.1,1
Putnam Master Intermediate Inc,PIM,0.1,0
PVH Corp.,PVH,2.2,2
Pyxus International| Inc.,PYX,38.7,1
Pzena Investment Management| I,PZN,0.5,1
Q2 Holdings Inc,QTWO,7.7,6
QEP RESOURCES| INC.,QEP,6.0,3
Qiagen NV,QGEN,1.5,2
QTS REALTY TRUST| INC.,QTS,9.4,14
QUAD/GRAPHICS| INC.,QUAD,11.9,11
Quaker Chemical Corp.,KWR,4.7,10
Quanex Building Products Corpo,NX,5.9,10
Quanta Services| Inc.,PWR,4.6,5
Quest Diagnostics Inc.,DGX,2.9,3
Quintana Energy Services Inc.,QES,1.1,9
Quorum Health Corporation,QHC,21.6,42
Quotient Technology Inc,QUOT,5.7,4
Ra Medical Systems| Inc,RMED,12.5,30
Radian Group Inc.,RDN,1.2,2
Ralph Lauren Corporation,RL,9.2,3
Range Resources Corp,RRC,20.5,6
Ranger Energy Services| Inc.,RNGR,0.5,8
Raymond James Financial| Inc.,RJF,1.6,3
Rayonier Advanced Materials In,RYAM,18.4,16
Rayonier Inc.,RYN,1.6,3
Raytheon Company,RTN,1.5,2
RE/MAX HOLDINGS| INC.,RMAX,5.0,6
Ready Capital Corporation,RC,4.1,10
REALOGY HOLDINGS CORP.,RLGY,23.2,20
Realty Income Corporation,O,5.3,8
Red Hat Inc,RHT,5.7,7
Red Lions Hotel Corporation,RLH,3.6,10
Redwood Trust| Inc.,RWT,4.8,4
Regal Beloit Corporation,RBC,1.4,2
REGIONAL MANAGEMENT CORP,RM,4.8,18
Regions Financial Corp.,RF,1.4,1
Regis Corporation,RGS,5.9,6
Reinsurance Group of America|,RGA,1.8,3
Reliance Steel  &  Aluminium Co.,RS,1.8,3
RenaissanceRe Holdings Ltd.,RNR,2.3,3
Renren Inc. American Depositar,RENN,2.0,23
Republic Services Inc.,RSG,2.0,4
Resideo Technologies| Inc. Com,REZI,1.7,2
ResMed Inc.,RMD,2.1,2
RESOLUTE ENERGY CORP.,REN,23.2,13
Resolute Forest Products Inc.,RFP,1.5,3
RETAIL PROPERTIES OF AMERICA|,RPAI,2.0,3
Retail Value Inc. Common Share,RVI,3.2,4
REV Group| Inc.,REVG,22.0,16
Revlon| Inc.,REV,33.4,39
REX American Resources Corp.,REX,8.9,29
REXFORD INDUSTRIAL REALTY| INC,REXR,1.1,2
REXNORD CORPORATION,RXN,4.8,8
RH,RH,35.5,10
RINGCENTRAL| INC.,RNG,6.2,3
Rio Tinto plc,RIO,0.9,3
Rite Aid Corporation,RAD,11.9,10
RiverNorth Opportunistic Munic,RMI,0.1,0
RiverNorth Opportunities Fund|,RIV,0.1,0
RiverNorth/DoubleLine Strategi,OPP,0.1,0
RLI Corp.,RLI,6.4,25
RLJ Lodging Trust,RLJ,1.9,2
RoadRunner Transportation Syst,RRTS,3.8,2
Roan Resources| Inc.,ROAN,0.2,3
Robert Half International Inc.,RHI,9.2,11
Rockwell Automation| Inc.,ROK,2.6,3
Rogers Corporation,ROG,4.1,6
Rollins| Inc.,ROL,11.0,9
Roper Technologies| Inc,ROP,1.4,3
ROSETTA STONE INC,RST,4.6,9
Rowan Companies| Inc.,RDC,10.1,8
Royal Caribbean Cruises Ltd.,RCL,1.4,1
Royal Dutch Shell PLC ADS Clas,RDSB,0.5,3
Royal Dutch Shell PLC ADS Clas,RDSA,0.1,1
Royce Global Value Trust| Inc.,RGT,0.1,0
Royce Micro-Cap Trust Inc,RMT,0.2,1
RPC| Inc.,RES,26.1,10
RPM International| Inc.,RPM,2.6,4
RPT Realty Common Shares of Be,RPT,10.5,18
RR Donnelley  &  Sons Co.,RRD,6.9,8
Rudolph Technologies Inc,RTEC,2.3,3
Ryder System| Inc.,R,5.3,4
RYERSON HOLDING CORPORATION,RYI,1.2,2
Ryman Hospitality Properties|,RHP,1.4,3
Sabine Royalty Trust,SBR,0.2,2
Safe Bulkers| Inc.,SB,1.4,2
Safeguard Scientifics| Inc.,SFE,5.2,19
Safety| Income  &  Growth Inc.,SAFE,2.1,10
SailPoint Technologies Holding,SAIL,1.7,1
salesforce.com| inc.,CRM,1.4,2
Salient Midstream  &  MLP Fund,SMM,0.2,0
Sally Beauty Holdings| Inc.,SBH,19.0,11
San Juan Basin Royalty Trust U,SJT,1.2,3
SandRidge Energy| Inc.,SD,4.7,7
SANDRIDGE MISSISSIPPIAN TRUST,SDT,1.4,2
SANDRIDGE MISSISSIPPIAN TRUST,SDR,0.5,1
SANDRIDGE PERMIAN TRUST,PER,1.3,3
SANTANDER CONSUMER USA HOLDING,SC,5.1,3
SAP SE,SAP,0.2,5
SARATOGA INVESTMENT CORP. NEW,SAR,0.8,2
Saul Centers| Inc.,BFS,1.1,5
Schlumberger Limited,SLB,1.5,2
Schneider National| Inc.,SNDR,3.9,4
Schweitzer-Mauduit Internation,SWM,4.1,7
SCIENCE APPLICATIONS INTERNATI,SAIC,2.4,3
SCORPIO BULKERS INC.,SALT,5.1,7
Scorpio Tankers Inc.,STNG,6.3,2
Sea Limited American Depositar,SE,9.5,6
Seacor Holdings Inc.,CKH,4.0,12
SEACOR Marine Holdings Inc. Co,SMHI,4.0,23
Seadrill Limited Common Stock,SDRL,6.6,9
SEADRILL PARTNERS LLC,SDLP,0.8,1
Sealed Air Corp.,SEE,6.8,4
Seaspan Corporation,SSW,3.9,10
SEAWORLD ENTERTAINMENT INC,SEAS,20.3,12
Select Energy Services| Inc.,WTTR,6.7,14
SELECT MEDICAL HOLDINGS CORP,SEM,2.5,5
SEMGROUP CORPORATION,SEMG,9.8,7
Sempra Energy,SRE,7.7,12
Sensata Technologies Holding p,ST,5.8,8
Sensient Technology Corporatio,SXT,6.9,9
Seritage Growth Properties Cla,SRG,37.0,49
Service Corporation Internatio,SCI,5.4,12
ServiceMaster Global Holdings|,SERV,2.3,5
SERVICENOW| INC.,NOW,5.7,5
Shake Shack Inc.,SHAK,18.2,12
Shell Midstream Partners| L.P.,SHLX,2.4,5
Ship Finance International Lim,SFL,9.0,17
Shopify Inc. Class A subordina,SHOP,6.4,3
SHUTTERSTOCK| INC.,SSTK,14.9,20
Sibanye-Stillwater American De,SBGL,0.8,1
Signet Jewelers Limited,SIG,11.3,4
SilverBow Resources| Inc.,SBOW,1.5,7
Simon Property Group| Inc.,SPG,2.9,6
Simpson Manufacturing Co.| Inc,SSD,3.7,5
SITE Centers Corp. Common Shar,SITC,4.7,8
SiteOne Landscape Supply| Inc.,SITE,12.8,8
Six Flags Entertainment Corp.,SIX,7.0,2
SJW Group Common Stock,SJW,0.7,1
Skechers U.S.A.| Inc.,SKX,6.7,2
Skyline Champion Corporation C,SKY,4.1,2
SL Green Realty Corp.,SLG,2.8,4
SM Energy Company,SM,9.2,4
Smart  &  Final Stores| Inc.,SFS,3.9,6
Smartsheet Inc.,SMAR,2.9,1
Snap Inc.,SNAP,21.6,3
Snap-on Incorporated,SNA,14.6,9
Sociedad Quimica y Minera de C,SQM,10.2,17
Solaris Oilfield Infrastructur,SOI,31.9,13
SolarWinds Corporation Common,SWI,3.4,3
Sonic Automotive| Inc.,SAH,16.0,17
Sonoco Products Company,SON,3.6,6
Sony Corporation ADS,SNE,0.1,1
Sotheby's,BID,15.9,21
Source Capital| Inc.,SOR,0.1,0
South Jersey Industries| Inc.,SJI,7.8,14
SOUTHCROSS ENERGY PARTNERS| L.,SXE,0.7,2
Southern Copper Corporation,SCCO,7.3,5
Southwest Airlines Co.,LUV,1.7,2
Southwest Gas Holdings| Inc.,SWX,2.2,4
Southwestern Energy Company,SWN,15.2,5
Spartan Energy Acquisition Cor,SPAQ,0.3,3
Sparton Corporation,SPA,0.8,1
Special Opportunities Fund| In,SPE,0.2,1
Spectrum Brands Holdings| Inc.,SPB,8.2,4
Speedway Motorsports| Inc.,TRK,0.7,2
Spire Inc.,SR,3.8,1
Spirit Aerosystems Holdings| I,SPR,2.3,2
Spirit Airlines| Inc.,SAVE,4.1,2
Spirit MTA REIT Common Shares,SMTA,0.7,2
SPIRIT REALTY CAPITAL| INC.,SRC,1.8,2
Spotify Technology S.A.,SPOT,3.6,1
SPRAGUE RESOURCES LP,SRLP,1.2,3
Sprint  Corporation,S,17.1,7
SPX Corporation,SPXC,1.8,3
SPX FLOW| Inc.,FLOW,2.6,3
Square| Inc.,SQ,9.6,3
STAG INDUSTRIAL| INC.,STAG,2.4,2
Stage Stores Inc,SSI,17.2,33
Standard Motor Products,SMP,2.7,5
Standex International Corporat,SXI,1.2,2
Stanley Black  &  Decker| Inc.,SWK,3.0,4
Star Group| L.P. Common Units,SGU,0.1,1
Startek Inc.,SRT,4.9,9
STARWOOD PROPERTY TRUST| INC.,STWD,2.8,4
State Street Corporation,STT,1.3,1
Steelcase| Inc.,SCS,2.6,6
STELLUS CAPITAL INVESTMENT COR,SCM,0.6,2
Stepan Co.,SCL,1.3,4
STERIS plc,STE,1.8,3
Sterling Bancorp,STL,11.0,11
Stewart Information Services C,STC,0.9,1
Stifel Financial Corp.,SF,4.0,5
STONE HARBOR EMERGING MARKETS,EDF,3.8,4
STONE HARBOR EMERGING MARKETS,EDI,2.3,2
StoneMor Partners L.P.,STON,2.8,9
Stoneridge| Inc,SRI,2.5,3
STORE Capital Corporation,STOR,2.4,3
Stryker Corporation,SYK,1.4,4
Sturm| Ruger  &  Company| Inc.,RGR,9.3,10
Suburban Propane Partners L P,SPH,1.0,2
Sumitomo Mitsui Financial Grou,SMFG,0.1,4
Summit Hotel Properties| Inc.,INN,8.9,18
Summit Materials| Inc. Class A,SUM,12.9,6
SUMMIT MIDSTREAM PARTNERS LP,SMLP,3.2,3
Sun Communities| Inc,SUI,0.7,2
SUNCOKE ENERGY INC,SXC,4.6,3
SunCoke Energy Partners| L.P.,SXCP,1.7,0
Sunlands Online Education Grou,STG,9.4,89
SUNOCO L.P.,SUN,2.7,3
Sunstone Hotel Investors| Inc.,SHO,3.5,3
SunTrust Banks| Inc.,STI,1.4,1
Superior Energy Services Inc.,SPN,6.8,3
Superior Industries Internatio,SUP,6.9,7
Switch| Inc. Class A Common St,SWCH,21.6,9
SYNCHRONY FINANCIAL,SYF,1.8,2
Synnex Corporation,SNX,4.6,7
Synovus Financial Corp.,SNV,4.7,3
Sysco Corporation,SYY,2.4,2
Systemax Inc.,SYX,1.5,4
TABLEAU SOFTWARE| INC.,DATA,11.3,5
TAHOE RESOURCES INC.,TAHO,1.9,3
Tailored Brands| Inc.,TLRD,16.0,10
Taiwan Fund| Inc.,TWN,0.3,2
Taiwan Semiconductor Manufactu,TSM,0.7,5
Tallgrass Energy| LP Class A S,TGE,3.6,5
Talos Energy| Inc. Common Stoc,TALO,5.8,10
TANGER FACTORY OUTLET CENTERS,SKT,24.4,19
Tapestry| Inc. Common Stock,TPR,2.0,1
Targa Resources Corp.,TRGP,4.4,5
Target Corporation,TGT,4.7,5
Taro Pharmaceutical Industries,TARO,2.7,3
Taubman Centers Inc.,TCO,4.8,6
TAYLOR MORRISON HOME CORPORATI,TMHC,2.9,3
TC Pipelines LP,TCP,2.7,7
TCF Financial Corp.,TCF,2.5,2
TE CONNECTIVITY LTD,TEL,1.0,2
Team| Inc.,TISI,18.2,28
TechnipFMC plc Ordinary Share,FTI,2.3,3
Teekay Corporation,TK,17.2,22
Teekay LNG Partners L.P.,TGP,1.3,2
Teekay Offshore Partners L.P.,TOO,0.8,1
Teekay Tankers LTD,TNK,1.5,2
TEGNA Inc.,TGNA,5.8,6
Tejon Ranch Co.,TRC,2.0,12
Tekla Life Sciences Investors,HQL,0.1,0
Teladoc Health| Inc.,TDOC,27.6,18
Telaria| Inc.,TLRA,1.5,4
Teledyne Technologies Incorpor,TDY,1.3,4
Teleflex Incorporated,TFX,2.5,4
Telephone and Data Systems Inc,TDS,2.1,3
Templeton Emerging Markets Fun,EMF,0.1,0
Templeton Emerging Markets Inc,TEI,0.1,0
Templeton Global Income Fund (,GIM,0.1,0
TEMPUR SEALY INTERNATIONAL| IN,TPX,15.4,6
Tencent Music Entertainment Gr,TME,6.6,3
Tenet Healthcare Corporation N,THC,11.0,12
TENNANT COMPANY,TNC,2.5,7
Tenneco Inc. Class A Voting Co,TEN,2.7,3
TERADATA CORPORATION,TDC,8.3,6
Terex Corporation,TEX,10.5,9
Terreno Realty Corporation,TRNO,1.1,2
TETRA Technologies| Inc.,TTI,3.4,7
Teva Pharmaceutical Industries,TEVA,2.2,2
Texas Pacific Land Trust,TPL,0.3,1
Textainer Group Holdings limit,TGH,3.5,7
Textron| Inc.,TXT,3.4,5
The Allstate Corporation,ALL,1.7,2
The Bank of N.T. Butterfield  &,NTB,1.7,4
The BlackRock Investment Quali,BKN,0.1,0
The BlackRock Strategic Munici,BSD,0.1,0
The Blackstone Group L.P,BX,4.7,9
The Brink's Company,BCO,5.0,5
The Buckle| Inc.,BKE,35.9,27
The Charles Schwab Corporation,SCHW,1.3,2
The Chemours Company,CC,3.0,3
THE CONTAINER STORE GROUP| INC,TCS,12.0,3
The Cooper Companies| Inc.,COO,2.5,4
The Cushing MLP  &  Infrastructu,SRV,0.5,1
THE CUSHING RENAISSANCE FUND,SZC,0.4,1
THE CUSHING ROYALTY  &  INCOME F,SRF,0.8,3
The Estee Lauder Companies Inc,EL,4.0,3
The Gabelli Convertible and In,GCV,0.1,1
The Gabelli Dividend  &  Income,GDVD,0.2,1
The Gabelli Equity Trust Inc.,GAB,0.2,1
The Gabelli Equity Trust Inc.,GABD,0.1,2
THE GABELLI MULTIMEDIA TRUST I,GGT,0.3,1
The Gap| Inc.,GPS,11.0,9
The GEO Group| Inc.,GEO,1.7,4
The Gorman-Rupp Company Common,GRC,0.5,3
The Greenbrier Companies| Inc.,GBX,15.5,17
The Hanover Insurance Group| I,THG,4.3,7
The Hartford Financial Service,HIG,1.2,2
The Hershey Company,HSY,3.2,4
The Howard Hughes Corporation,HHC,2.9,9
The India Fund| Inc.,IFN,0.4,2
The Interpublic Group of Compa,IPG,6.6,4
The J.M. Smucker Company,SJM,6.7,8
The Kroger Co.,KR,5.7,8
The L.S. Starrett Company,SCX,0.2,0
The Macerich Company,MAC,7.2,6
The Madison Square Garden Comp,MSG,4.9,3
The Manitowoc Company| Inc.,MTW,5.7,3
The Marcus Corporation,MCS,2.1,1
The Mexico Equity and Income F,MXE,0.5,4
The Mosaic Company,MOS,1.8,2
THE NEW HOME COMPANY INC.,NWHM,7.4,19
THE RUBICON PROJECT| INC.,RUBI,1.3,1
The Scotts Miracle-Gro Company,SMG,9.5,7
The Sherwin-Williams Company,SHW,1.6,3
The Southern Company,SO,1.9,5
The Timken Company,TKR,2.3,2
The Travelers Companies| Inc.,TRV,1.2,2
The Walt Disney Company,DIS,1.8,3
The Western Union Company,WU,7.0,4
Thermo Fisher Scientific| Inc.,TMO,0.8,3
THERMON GROUP HOLDINGS| INC.,THR,1.3,3
THIRD POINT REINSURANCE LTD.,TPRE,1.8,2
Thor Industries| Inc.,THO,5.6,3
Tidewater| Inc.,TDW,4.7,12
TIER REIT| Inc,TIER,1.7,3
Tiffany  &  Co.,TIF,6.1,6
Tilly's Inc.,TLYS,6.9,4
TIMKENSTEEL CORPORATION,TMST,16.2,30
Titan International| Inc.(Dela,TWI,1.1,3
TJX Companies| Inc. (The),TJX,1.0,2
Toll Brothers| Inc.,TOL,4.8,4
Tootsie Roll Industries| Inc.,TR,30.5,52
TopBuild Corp. Common Stock,BLD,2.2,3
Torchmark Corporation,TMK,3.6,7
Toro Company (The),TTC,2.4,6
TORTOISE ENERGY INDEPENDENCE F,NDP,2.1,2
Tortoise Energy Infrastructure,TYG,0.2,1
Tortoise Midstream Energy Fund,NTG,0.2,1
TORTOISE PIPELINE  &  ENERGY FUN,TTP,0.1,0
TOTAL S.A.,TOT,0.1,1
Total System Services| Inc.,TSS,1.3,2
Tower International| Inc.,TOWR,1.6,1
TOWNSQUARE MEDIA| INC.,TSQ,0.5,2
TPG RE Finance Trust| Inc. Com,TRTX,1.0,3
TPG SPECIALTY LENDING INC,TSLX,3.4,11
Transcontinental Realty Invest,TCI,1.9,29
TransDigm Group Incorporated,TDG,4.6,5
TransMontaigne Partners L.P.,TLP,0.2,0
Transocean LTD.,RIG,9.8,6
TransUnion,TRU,1.3,1
Travelport Worldwide Limited,TVPT,5.8,5
Trecora Resources,TREC,2.4,15
Tredegar Corporation,TG,2.8,12
Treehouse Foods| Inc.,THS,10.7,6
Trex Company| Inc.,TREX,6.0,5
TRI Pointe Group| Inc,TPH,13.2,13
TRIBUNE MEDIA COMPANY CLASS A,TRCO,7.1,5
TRI-Continental Corporation,TY,1.5,15
TRINET GROUP| INC.,TNET,2.4,2
Trinity Industries| Inc.,TRN,7.0,6
Trinseo S.A.,TSE,1.3,2
TRIPLEPOINT VENTURE GROWTH BDC,TPVG,0.5,1
Triple-S Management Corporatio,GTS,3.3,9
Triton International Limited,TRTN,4.3,3
Triumph Group| Inc.,TGI,16.3,8
TRONOX LIMITED CL A ORDINARY S,TROX,6.2,4
Trueblue| Inc.,TBI,2.4,4
Tsakos Energy Navigation Ltd.,TNP,1.3,8
Tupperware Brands Corporation,TUP,7.2,3
Turning Point Brands| Inc.,TPB,3.0,5
Tutor Perini Corporation,TPC,17.2,14
Twilio Inc.,TWLO,10.6,1
Twitter| Inc.,TWTR,4.0,1
Two Harbors Investment Corp.,TWO,2.7,2
Tyler Technologies| Inc.,TYL,3.6,4
Tyson Foods| Inc.,TSN,1.6,1
U.S. Bancorp,USB,1.0,2
U.S. SILICA HOLDINGS| INC.,SLCA,21.1,11
U.S. Xpress Enterprises| Inc.,USX,5.8,3
UBRAN EDGE PROPERTIES,UE,3.4,4
UDR| Inc.,UDR,2.7,5
UGI Corporation,UGI,2.1,3
UMH Properties| Inc.,UMH,1.4,4
Under Armour| Inc.,UAA,13.0,3
Under Armour| Inc. Class C Com,UA,5.4,3
UNIFI| Inc. New,UFI,3.5,3
Unifirst Corp,UNF,1.2,2
Union Pacific Corp.,UNP,1.1,2
Unisys Corporation,UIS,25.6,15
UNIT Corporation,UNT,6.5,14
United Natural Foods Inc,UNFI,15.3,8
United Parcel Service| Inc. Cl,UPS,1.7,4
United Rentals| Inc.,URI,4.5,3
United States Cellular Corpora,USM,6.1,6
United States Steel Corporatio,X,8.2,1
United Technologies Corporatio,UTX,1.0,2
UNITEDHEALTH GROUP INCORPORATE,UNH,0.7,2
Unitil Corporation,UTL,1.0,4
Univar Inc. Common stock,UNVR,3.7,2
Universal Corporation,UVV,1.8,3
Universal Health Realty Income,UHT,1.1,5
Universal Health Services| Inc,UHS,2.9,4
UNIVERSAL INSURANCE HLDG| INC.,UVE,3.8,9
Universal Technical Institute|,UTI,0.1,1
Unum Group,UNM,2.0,2
Urstadt Biddle Properties Inc.,UBA,1.4,4
Urstadt Biddle Properties Inc.,UBP,0.1,1
US Foods Holding Corp.,USFD,2.0,1
US Physical Therapy Inc,USPH,10.4,17
USA COMPRESSION PARTNERS LP,USAC,5.1,13
USANA Health Sciences Inc,USNA,2.5,2
USD PARTNERS LP,USDP,0.2,0
USG Corporation,USG,4.3,7
V.F. Corporation,VFC,1.4,3
Vaalco Energy| Inc.,EGY,0.4,1
Vail Resorts| Inc.,MTN,5.0,5
VALE S.A.,VALE,0.9,1
Valero Energy Corporation,VLO,1.7,2
Valhi| Inc.,VHI,2.2,2
Valmont Industries| Inc.,VMI,1.7,3
Valvoline Inc.,VVV,4.8,3
Vapotherm| Inc. Common Stock,VAPO,2.5,8
Varian Medical Systems| Inc.,VAR,2.0,4
Vector Group Ltd.,VGR,13.0,15
Vectrus| Inc.,VEC,1.4,3
Vedanta Limited  American Depo,VEDL,0.4,4
Veeva Systems Inc.,VEEV,5.3,5
Venator Materials PLC,VNTR,4.0,3
Ventas| Inc.,VTR,1.5,3
Veoneer| Inc.,VNE,8.3,10
VEREIT| Inc.,VER,3.6,4
VERITIV CORPORATION,VRTV,3.0,7
Verizon Communications,VZ,0.7,2
Verso Corporation,VRS,5.1,7
Versum Materials| Inc.,VSM,1.3,1
Viad Corp,VVI,1.5,5
VICI Properties Inc. Common St,VICI,3.5,4
VINCE HOLDING CORP.,VNCE,12.0,18
Vipshop Holdings Limited,VIPS,2.5,2
Virtus Global Dividend  &  Incom,ZTR,0.2,0
VIRTUS GLOBAL MULTI-SECTOR INC,VGI,0.1,0
Virtus Total Return Fund Inc.,ZF,0.1,0
VISA Inc.,V,1.6,3
Vishay Intertechnology| Inc.,VSH,8.8,7
Vishay Precision Group| Inc.,VPG,1.8,7
Vista Outdoor Inc.,VSTO,5.2,4
Vistra Energy Corp. Common Sto,VST,3.8,6
Vitamin Shoppe Inc.,VSI,20.3,9
VIVINT SOLAR| INC.,VSLR,16.9,11
VMware| Inc,VMW,7.9,5
VOC ENERGY TRUST,VOC,0.7,2
VOCERA COMMUNICATIONS|  INC.,VCRA,14.4,4
Vonage Holdings Corporation,VG,2.6,3
Vornado Realty Trust,VNO,1.4,2
VOYA ASIA PACIFIC HIGH DIVIDEN,IAE,0.2,0
VOYA EMERGING MARKETS HIGH INC,IHD,0.3,0
VOYA FINANCIAL| INC.,VOYA,10.0,10
VOYA GLOBAL ADVANTAGE AND PREM,IGA,0.1,0
VOYA GLOBAL EQUITY DIVIDEND AN,IGD,0.2,1
VOYA INFRASTRUCTURE| INDUSTRIA,IDE,0.1,0
VOYA INTERNATIONAL HIGH DIVIDE,IID,0.2,0
VOYA NATURAL RESOURCES EQUITY,IRR,1.1,2
VOYA PRIME RATE TRUST,PPR,0.1,0
Vulcan Materials Company(Holdi,VMC,4.0,3
W & T Offshore| Inc.,WTI,15.0,7
W.P. Carey Inc. (REIT),WPC,2.5,4
W.R. Berkley Corporation,WRB,4.5,12
W.R. Grace  &  Co.,GRA,3.0,2
W.W. Grainger| Inc.,GWW,7.1,8
Wabash National Corp.,WNC,6.4,8
WABCO HOLDINGS INC.,WBC,2.0,3
Wabtec Inc.,WAB,13.8,12
Waddell  &  Reed Financial| Inc.,WDR,22.2,11
WageWorks| Inc.,WAGE,4.5,4
Walker  &  Dunlop| Inc.,WD,1.2,2
Walmart Inc.,WMT,1.2,2
Warrior Met Coal| Inc.,HCC,17.0,17
Washington Prime Group Inc.,WPG,19.8,23
Washington Real Estate Investm,WRE,1.6,3
Waste Management| Inc.,WM,0.9,2
Waters Corp,WAT,4.7,6
Watsco| Inc.,WSO,3.3,4
Watts Water Technologies| Inc.,WTS,2.5,5
Wayfair Inc.,W,26.5,8
Weatherford International| plc,WFT,9.7,3
Webster Financial Corporation,WBS,3.9,8
WEC Energy Group| Inc.,WEC,3.4,6
Weingarten Realty Investors,WRI,2.3,4
Weis Markets| Inc.,WMK,13.3,27
Welbilt| Inc.,WBT,8.3,8
Wellcare Health Plans| Inc.,WCG,3.0,2
Wells Fargo  &  Co.,WFC,0.5,1
WELLS FARGO GLOBAL DIVIDEND OP,EOD,0.1,0
Welltower Inc.,WELL,2.6,4
WESCO Aircraft Holdings Inc.,WAIR,5.7,6
Wesco International Inc.,WCC,2.5,2
West Pharmaceutical Services|,WST,1.2,1
Western Alliance Bancorporatio,WAL,2.4,3
Western Asset Emerging Markets,EMD,0.1,0
Western Asset Global High Inco,EHI,0.1,0
Western Asset High Income Fund,HIX,0.1,1
Western Asset High Income Oppo,HIO,0.1,0
Western Asset High Yield Defin,HYI,0.1,0
Western Asset Managed Municipa,MMU,0.1,1
WESTERN ASSET MORTGAGE CAPITAL,WMC,2.1,4
Western Asset Municipal Partne,MNP,0.1,0
WESTERN GAS EQUITY PARTNERS| L,WGP,3.8,5
Western Gas Partners LP,WES,2.7,5
Westlake Chemical Corporation,WLK,9.3,4
WESTLAKE CHEMICAL PARTNERS LP,WLKP,1.0,3
WestRock Company,WRK,1.7,1
WESTWOOD HOLDINGS GROUP| INC.,WHG,1.0,3
WEX Inc.,WEX,3.2,4
Weyerhaeuser Company,WY,1.5,2
Whirlpool Corp.,WHR,6.2,5
White Mountains Insurance Grou,WTM,1.1,2
Whitestone REIT,WSR,2.6,3
Whiting Petroleum Corporation,WLL,16.3,4
WideOpenWest| Inc. Common Stoc,WOW,8.2,13
WILLIAM LYON HOMES,WLH,7.1,4
Williams Companies Inc.,WMB,2.8,4
Williams-Sonoma| Inc.,WSM,20.9,16
Winnebago Industries| Inc.,WGO,11.6,6
Wolverine World Wide| Inc.,WWW,3.4,5
Workiva Inc.,WK,6.1,6
World Fuel Services Corporatio,INT,3.2,6
World Wrestling Entertainment,WWE,18.8,8
Worldpay| Inc.,WP,3.4,6
WORTHINGTON INDUSTRIES| INC. C,WOR,3.3,7
WPP PLC,WPP,0.1,1
WPX Energy| Inc.,WPX,3.5,2
Wyndham Destinations| Inc. Com,WYND,2.8,4
Wyndham Hotels  &  Resorts| Inc.,WH,4.6,2
XAI Octagon Floating Rate  &  Al,XFLT,0.1,1
Xenia Hotels  &  Resorts| Inc.,XHR,1.3,3
Xerox Corporation,XRX,2.8,2
Xinyuan Real Estate Co. LTD,XIN,0.7,3
XPO LOGISTICS| INC.,XPO,6.8,2
YELP INC.,YELP,11.0,3
YETI Holdings| Inc. Common Sto,YETI,52.6,5
Yext| Inc.,YEXT,7.0,5
Yum China Holdings| Inc. Commo,YUMC,1.3,2
Yum! Brands| Inc.,YUM,1.8,3
Zayo Group Holdings| Inc.,ZAYO,7.6,3
ZENDESK INC,ZEN,6.2,2
Zimmer Biomet Holdings| Inc.,ZBH,1.5,2
ZOETIS INC.,ZTS,1.2,2
ZTO Express (Cayman) Inc. Amer,ZTO,2.4,4
Zuora| Inc.,ZUO,5.6,3
Zymeworks Inc.,ZYME,3.3,15
